NAME,LATITUDE[deg],LONGITUDE[deg],ALTITUDE[km]
N0000,-38.9735260857912,-66.6156903581488,0.281949770500414
N0001,-35.7963207916388,-61.417217590692,0.0999299554441697
N0002,-15.7251819366235,-52.7155122240961,0.354707882624322
N0003,-30.0287821168081,-67.9491249494251,1.36103981096877
N0004,-6.59317076756354,-74.4308813339193,0.205910009769085
N0005,-6.69153665906458,-55.0679212643101,0.274197656056584
N0006,-12.4945666684882,-57.2454269678995,0.356140750191347
N0007,-19.9904011888636,-65.1338272121436,3.10084257156738
N0008,-25.0142220733551,-81.9004682490172,0.00761345710200087
N0009,-16.7964925293264,-73.158781450276,0.0213999166423441
N0010,-40.8586834293639,-67.659172938494,0.761916810258156
N0011,-18.6660040534775,-69.4551209209795,3.84897672469835
N0012,-12.1661970228352,-49.5787302765647,0.218847471177764
N0013,-14.6506454931807,-52.351198397807,0.257502655385123
N0014,-21.1077543128423,-78.3870810463071,0.00997230466718418
N0015,-32.7283816324598,-47.8744885329902,-0.00282691175384317
N0016,-7.36004949761872,-54.242927322771,0.288029821938137
N0017,-18.3650880878575,-53.2061518415987,0.746894680969604
N0018,-18.5068461887896,-52.8471991085223,0.809905433778143
N0019,-11.9830125506471,-53.0914046077509,0.292221858247005
N0020,-36.1648493396269,-76.8601025635274,0.0111893439142858
N0021,-41.5138297454282,-70.7219948561825,1.20076916564943
N0022,-12.2307567141506,-60.9878404844572,0.24368960007537
N0023,-36.6795772701996,-77.8589229784801,0.00958525464734884
N0024,-19.1585812483073,-59.86481481748,0.234875771987461
N0025,-34.8578910791241,-50.153344928706,0.000504884020429037
N0026,-20.0059438920676,-46.2818443421156,0.971285564566604
N0027,-13.6001845978723,-51.1514486482137,0.210846034984215
N0028,-32.7867879659416,-72.9576327330123,0.0106370984864902
N0029,-30.0225962582888,-51.1758494795005,0.0416561803760366
N0030,-6.78166717619169,-64.4986826769814,0.0684125470798853
N0031,-17.434137526544,-61.175105838929,0.28609286381312
N0032,-41.4949548323958,-68.7096856519947,0.929419315865036
N0033,-25.5322581558357,-55.7369328269683,0.236694437426043
N0034,-15.1788262130088,-80.1403288938881,0.00659116681248224
N0035,-37.228803019991,-68.9837431083483,0.776830062171098
N0036,-17.9374314748774,-60.4159349858002,0.489139340200713
N0037,-22.4128723107607,-61.8614753610603,0.245274534709058
N0038,-36.701642822152,-68.7635869017176,1.12368847857144
N0039,-18.3287603376856,-79.181194494199,0.00972301127484269
N0040,-13.8683179415261,-69.0613895107564,1.39280933151347
N0041,-24.4406253935876,-59.93163127527,0.144281079527602
N0042,-36.0986342672063,-77.3286112217041,0.0105729494478742
N0043,-31.8272975913636,-74.7023193907908,0.0152127862062337
N0044,-20.4908483985821,-51.9342141845836,0.334958587800368
N0045,-17.7184028509527,-81.7071840994295,0.00409618488800689
N0046,-26.8604326274511,-50.0881071522709,0.604269899686221
N0047,-16.4209526509284,-77.7753903012261,0.013801809144977
N0048,-11.7079996968452,-74.2729794169569,1.40547607781054
N0049,-20.4386310020966,-80.3693421345279,0.00776437126733006
N0050,-35.6633617820929,-77.4554374968787,0.0105508449643437
N0051,-24.8535068786866,-46.0367563328204,-0.00318030261267595
N0052,-33.2602114030834,-54.1399206082011,0.0318491944891124
N0053,-22.1499580295815,-75.0129948184305,0.0157277938976868
N0054,-30.6799792539862,-60.8145463604954,0.0737486834862153
N0055,-10.8543938069223,-75.3754544366134,2.38529434212038
N0056,-20.8891461265176,-68.9345460023167,4.16144191880088
N0057,-24.7025461477481,-70.6894040293103,0.0268526510624029
N0058,-17.6505730872181,-83.5489023820447,0.00115710751860441
N0059,-26.5901137708088,-55.6819654860696,0.291489304089794
N0060,-26.9544196857697,-68.0530437382525,4.14690920551135
N0061,-41.2260652818273,-64.3198169093643,0.0134826740892894
N0062,-21.4930709336294,-69.3189478594456,1.12562125018775
N0063,-15.6935244090737,-83.124870542487,6.2107180560487E-06
N0064,-17.8999766626838,-49.9338890869725,0.588182631380962
N0065,-32.3249452622733,-78.8210367317605,0.0087210555210313
N0066,-18.1680015060621,-83.6294155076019,0.00142777629896942
N0067,-37.643109839518,-77.4823631267849,0.00961417008454322
N0068,-21.4789582098735,-68.1448125100278,4.47840566846263
N0069,-39.4524713118222,-61.9768220575147,0.0135014221009424
N0070,-26.143975948771,-76.2964432745743,0.0140438064409651
N0071,-9.5298128108589,-64.7704287102129,0.111589817832587
N0072,-10.846483703685,-75.1159849164882,0.952830709602898
N0073,-19.338277574227,-81.820953357307,0.00506898095220937
N0074,-18.8696073590989,-72.9622688389283,0.0196499823129546
N0075,-25.4874193361258,-83.4485690241429,0.00571487412464986
N0076,-27.2090605181661,-49.6063673455329,0.473429874846079
N0077,-20.1521638493018,-48.3212315032707,0.496396032927758
N0078,-36.720865565983,-54.9075176934165,0.0099970863978625
N0079,-20.4294194426903,-73.9148086431542,0.0182507981713809
N0080,-34.9514746611914,-60.948504428156,0.0836392814023488
N0081,-14.9110388025408,-64.6555819488674,0.190201026993248
N0082,-6.19714258588741,-68.3874006157219,0.171621388130396
N0083,-24.0359814243968,-45.3750719885926,-0.00362765718465711
N0084,-40.8413913909019,-63.2274554008235,0.067634395080051
N0085,-11.7061535069639,-52.6875736000741,0.309864451702597
N0086,-21.7299997978518,-69.5075412892623,0.978748636435032
N0087,-36.1660083719838,-50.8110950507714,0.000491970436855951
N0088,-16.7366071904538,-70.9081895185321,2.2503367890087
N0089,-13.1856433579417,-48.4750401516979,0.538304053985686
N0090,-20.6560067249469,-61.262648548963,0.258974400153127
N0091,-18.4327384135704,-79.9013917040854,0.00802901514685168
N0092,-11.3156521977039,-64.7244037949757,0.191657705818204
N0093,-24.3386353496217,-66.814739582465,4.98149432655746
N0094,-22.8733797357655,-70.811494029022,0.0189591454065691
N0095,-35.4804275820546,-78.1729939723969,0.00951157624207667
N0096,-8.07345996020254,-69.7255281223218,0.225696443247965
N0097,-18.7744883349001,-67.3011438928468,3.7379136343184
N0098,-35.6037670279614,-57.6500361501276,0.0276837861646586
N0099,-29.5559632650544,-73.2984547457265,0.0155319103407304
N0100,-41.7537399294942,-62.8764047530577,0.0124874791593273
N0101,-27.072796122219,-83.671364518621,0.00557081925564939
N0102,-22.440221132308,-72.697848052662,0.0197497017247454
N0103,-12.324663991324,-77.621262461249,0.0137597882217397
N0104,-27.8395663800213,-54.437625257993,0.339852826887825
N0105,-19.312988524879,-67.9889600179363,3.70799662714821
N0106,-8.90756359752606,-60.4791305767301,0.13870278182567
N0107,-22.5345902107756,-47.5823084721421,0.577522683177425
N0108,-33.6642728198864,-50.2358708492559,0.00425485509312945
N0109,-27.8717441352493,-80.5685430655764,0.00731513181258357
N0110,-30.9802875059799,-47.2912805025711,-0.00473078289602077
N0111,-15.8707314021559,-59.8910136736676,0.250297403839558
N0112,-7.16062083218618,-61.26719855804,0.0993195091002686
N0113,-10.9730831489808,-55.5613649569137,0.270982979846621
N0114,-6.26155498371947,-59.7984156763921,0.0807232992025334
N0115,-21.8160346706685,-82.9123238864348,0.00563973259764594
N0116,-22.527584619901,-49.7428149668696,0.537654385179781
N0117,-31.6328202636782,-68.278206131425,0.599474447900021
N0118,-14.826454707195,-70.7425762430544,3.96439327597765
N0119,-37.2822081840859,-71.0435418150687,2.3378262910439
N0120,-16.3814606386853,-55.1032995066549,0.531215303974677
N0121,-21.5810219658461,-75.6040123909489,0.0142042438472707
N0122,-6.01098958700303,-66.4870322490454,0.132478257392261
N0123,-29.1587158571675,-66.2839345650502,0.364448907527837
N0124,-19.7234006598572,-73.4031226357123,0.0197363464837723
N0125,-21.0319998164156,-59.9574030718707,0.154078653765314
N0126,-36.1879283951682,-75.1710976489008,0.0112695900210855
N0127,-35.3329548942745,-75.4868524709171,0.012510314081989
N0128,-16.8689411397122,-74.4417493053501,0.0121121660107107
N0129,-18.1569544630483,-60.8477123933025,0.339859661054431
N0130,-30.8642191671091,-68.2353339967856,0.704867360779952
N0131,-24.4831115622251,-57.8921428633748,0.101120188123877
N0132,-26.4716750068807,-51.1475381869374,1.20971689903081
N0133,-23.4739194488089,-53.8092679071035,0.334012186363151
N0134,-15.6976012868077,-48.1606890019261,1.193780594735
N0135,-20.3226093256216,-65.6286602639023,2.97979213932868
N0136,-10.6026854780539,-52.8810152718527,0.28389880819382
N0137,-19.6723489642287,-76.592552328015,0.0136307490976881
N0138,-25.4485659147552,-62.9773507125928,0.270765869763561
N0139,-30.7316410527176,-74.724188895318,0.0149008547715581
N0140,-3.45134706264968,-62.8320998709746,0.0384766573543441
N0141,-5.53079134312737,-73.3498281406871,0.168148275073407
N0142,-37.431138082848,-77.9440740738747,0.00907845600898888
N0143,-19.4431670059986,-65.4941529497865,3.62505184093589
N0144,-33.1066047415825,-75.4290865024382,0.0126464337740715
N0145,-30.6179139400682,-59.0526969885574,0.0790012310412862
N0146,-40.3728100338422,-67.2037013409327,0.456900030800397
N0147,-20.9610342503345,-76.7757844521844,0.0125369998106431
N0148,-19.0961933111005,-64.8860510503218,2.99744894103494
N0149,-30.5988707234737,-58.7018761309503,0.0889845797550427
N0150,-12.7875384699865,-78.1037596195865,0.00635244769633474
N0151,-5.65012076936765,-63.2663626255852,0.032786709087896
N0152,-9.55092201163222,-52.776235158283,0.256884024557262
N0153,-33.517572088961,-73.4850980261429,0.0122795312094363
N0154,-14.5508662625981,-70.4256523057204,4.29313302810434
N0155,-10.1095665744698,-73.6539548667849,0.355711026514098
N0156,-34.8951382368059,-60.7026447363884,0.0870681033716415
N0157,-19.0231787019472,-56.7401246330613,0.105977236473951
N0158,-17.9390855930045,-49.3111629917231,0.830084014462642
N0159,-13.8256020536368,-71.7950715248882,3.38948465975708
N0160,-28.0779801583739,-56.0682056211533,0.132393512066194
N0161,-16.2268233113472,-49.2945028698649,0.902043960325297
N0162,-37.2581844891715,-77.5056990159753,0.00973186775791705
N0163,-19.9887874012342,-57.86158594619,0.100279693554847
N0164,-37.0422656957649,-74.6112894236945,0.00888950625837963
N0165,-5.47107307503906,-61.432431270042,0.0570719749274225
N0166,-14.780416755106,-64.1197521483852,0.206430825850895
N0167,-4.8511453789033,-56.3804656685279,0.0815222538397246
N0168,-14.1644684150369,-71.7976963357974,4.26141295532312
N0169,-17.6779829041069,-70.5089894521771,1.27931195204471
N0170,-28.7919868789825,-61.3680725910053,0.0918696715986909
N0171,-32.128544374893,-78.9978811384112,0.00857477969059383
N0172,-24.9159310274912,-61.3577111149988,0.178191826915172
N0173,-35.1081267550805,-49.5848693133434,-0.00162123830336636
N0174,-17.50912604574,-54.6157462827972,0.473199399508132
N0175,-19.4526069623499,-70.8602153476498,0.0204690478229948
N0176,-33.3957744531799,-52.3058557514448,0.00827596434048725
N0177,-26.2930739193043,-58.7850318139756,0.0878161599096277
N0178,-30.0444550147796,-66.3643823658073,0.353617267474458
N0179,-20.04971902448,-60.0334253828135,0.178087229414124
N0180,-27.8410601364674,-45.7644409969495,-0.00658928286739277
N0181,-33.9542392231343,-79.2408045625767,0.00918501096554933
N0182,-29.7963350776152,-67.1669100270047,0.745833600996729
N0183,-37.1184408490882,-55.4876553547344,0.0107738236628078
N0184,-12.6595932077461,-55.0232876250488,0.346954155559522
N0185,-20.5511516597236,-83.5930589265401,0.00318710939427697
N0186,-27.3650621044563,-63.2096882094797,0.179846735629448
N0187,-12.2501634300848,-78.9930325045804,0.00299604439340793
N0188,-7.68665279013121,-60.0608292227201,0.0964262781031369
N0189,-28.7887530086832,-69.174928084247,3.44798735202199
N0190,-19.6660574579885,-80.5403134995469,0.00737420223342566
N0191,-38.5283939990773,-74.450863463349,0.0105081070062153
N0192,-9.91382639825618,-70.5373962248456,0.299585973310583
N0193,-19.7197224109148,-76.2331513051787,0.0143883269523584
N0194,-35.9219005794777,-78.1302022378822,0.00958816906524273
N0195,-20.7716229812965,-84.0017979806863,0.00285345350750566
N0196,-4.90091535317016,-68.7244486455509,0.112755706157898
N0197,-13.0191389348541,-81.041362920797,0.00344830749808559
N0198,-9.55336709085516,-57.0050981741655,0.200422520868889
N0199,-36.8346525934164,-64.421904229511,0.246984318022252
N0200,-36.6015083279381,-71.2194154736803,1.94886492839109
N0201,-16.8729496901912,-47.039546458291,0.789121396370487
N0202,-28.724894588938,-56.0501764671189,0.0894515260931993
N0203,-21.4240056672124,-47.4387791007426,0.662531170844984
N0204,-25.1431148890828,-49.6004334507393,0.756941359867663
N0205,-8.52618940159174,-55.1196871375988,0.238568146402915
N0206,-34.8744513021634,-63.0684472821344,0.144209713240478
N0207,-18.1683570035363,-50.8565678414642,0.796117298977944
N0208,-23.1038596184186,-51.8336976242603,0.500912566642947
N0209,-20.6388417992029,-56.997213033817,0.221031434740272
N0210,-13.7597356054456,-67.0512879938151,0.198785426537075
N0211,-13.2416192707327,-75.8871920039301,1.81881566665658
N0212,-16.1727965868616,-58.591275511946,0.186876038941038
N0213,-6.70805621111422,-53.4792073331366,0.248012009336983
N0214,-8.92018140987054,-71.2004497190119,0.296880272617141
N0215,-32.9087020672183,-66.3711630897028,0.766345078105973
N0216,-31.2674890705422,-76.6658733561939,0.0120498483909492
N0217,-21.8604579886049,-64.5333064542397,1.89237449285319
N0218,-31.9447688747204,-81.3989977030308,0.00562513523459986
N0219,-15.220475637979,-56.7780410409587,0.56519731945989
N0220,-15.9787850746481,-59.8025990235895,0.234690231427713
N0221,-29.2384137062507,-70.4629988855299,4.06580064601902
N0222,-13.6023157629789,-81.5345336245794,0.00222672522452769
N0223,-29.0720064164281,-54.4436579610407,0.397381496226514
N0224,-28.0626866073452,-76.7175211575135,0.0126596197619701
N0225,-27.9589556772228,-53.236129538267,0.589480906092228
N0226,-28.3249832278093,-46.5223246142432,-0.00403429326493135
N0227,-29.7180106312245,-72.8872816356128,0.0135091763082255
N0228,-18.2464217845141,-64.5223383317316,1.66331279980671
N0229,-22.1860458493242,-64.2309726552673,0.873736511434394
N0230,-29.1681583193074,-75.5687104481553,0.0144512889627201
N0231,-30.6810341804541,-79.1214674378968,0.0084387231260795
N0232,-22.2575824771348,-63.8397077168444,0.879196018719347
N0233,-23.5972893729155,-79.7466396027836,0.00823908896372857
N0234,-36.0837698988515,-62.1812919636776,0.107177696668587
N0235,-22.105232849996,-75.7290115386815,0.0140106447947093
N0236,-3.32017142329755,-61.1026667998112,0.0107596128185448
N0237,-19.3148495998579,-62.4670343781558,0.412666615319894
N0238,-7.72628429108309,-74.2518947586734,0.237454487448556
N0239,-36.1148141007958,-50.6315416455729,-2.83410065624053E-07
N0240,-35.7558202405875,-75.9936479549138,0.0120761408321971
N0241,-10.2976512545314,-75.7258867696217,2.26453199805096
N0242,-8.70531483287248,-68.903175195072,0.193696668338746
N0243,-21.6201312317886,-49.3850858511942,0.374251265696572
N0244,-30.6053684165584,-55.9805513275134,0.2199246422325
N0245,-20.2288308556795,-66.692113383919,4.42955744354402
N0246,-11.5069446857676,-52.8223272070667,0.278134573074527
N0247,-39.675665890414,-65.8927231737489,0.222862909105345
N0248,-35.5244720887659,-66.7401092833075,0.383678291358752
N0249,-28.2079591870974,-79.3871920173944,0.00873888272003046
N0250,-29.2726239399415,-72.7959087736695,0.014005669156894
N0251,-4.57783300595408,-69.5783328153077,0.155833272771355
N0252,-29.5942675843742,-75.0550680124385,0.0150868915896123
N0253,-13.1872608435952,-72.3505327748146,3.87896261998775
N0254,-18.7437703307637,-55.4265923008906,0.166057184317418
N0255,-10.392260080348,-50.7898890305329,0.208980760233671
N0256,-25.5071137398335,-68.0003078110799,4.7977787535924
N0257,-19.7122118849886,-77.4807362311691,0.0118688644281399
N0258,-17.5974942637612,-84.1335024231973,0.000305694274952355
N0259,-15.2213790340987,-62.5654917796748,0.311226098326767
N0260,-28.9142308007457,-50.6537944866995,0.904255037764867
N0261,-12.9708556172351,-57.0901294972246,0.372017105811236
N0262,-33.5217264037051,-57.2050281106423,0.105810459724623
N0263,-19.733471734106,-70.1466434738966,0.429833077439324
N0264,-33.2059569800045,-66.9301896115221,0.705749511102789
N0265,-22.2742769678932,-48.466135500964,0.660084689078368
N0266,-24.2340159338912,-53.9946537072732,0.345525192172067
N0267,-17.6208968427535,-60.8656137970086,0.282404550930856
N0268,-26.6458120696076,-81.657428916015,0.00726222146226071
N0269,-13.1032416017892,-75.3751116120144,4.42316875379725
N0270,-26.6142327967091,-79.7305944572297,0.00989916673232562
N0271,-12.999398188432,-47.4812128599069,0.324884132963753
N0272,-11.8786095612085,-74.2075795889244,0.871503428839145
N0273,-4.63011165020093,-60.6664671389342,0.0427255674243228
N0274,-6.46583627620512,-69.9906682340103,0.187101315044472
N0275,-31.7482994944528,-75.9352103394612,0.0133593855128723
N0276,-33.9406065820794,-69.3816501858838,3.39517484270611
N0277,-16.9360270612213,-66.5288175719056,4.72482291863423
N0278,-22.228928694955,-75.009633891684,0.0157559548863337
N0279,-8.33823323058766,-66.5303269018994,0.150197700808831
N0280,-37.2655336752539,-67.8505577250197,0.564218240565021
N0281,-24.725326516459,-80.1599036936096,0.00837616306445902
N0282,-33.2582218640045,-74.4619061428699,0.0144363853041066
N0283,-20.0118369522027,-82.9468095656047,0.00356166700270854
N0284,-27.9739776022991,-51.3436236217483,0.81882350351866
N0285,-23.2470920687101,-61.0660560744801,0.189752172182821
N0286,-24.6280939498323,-54.2827643675123,0.256792744965348
N0287,-11.7816358910719,-72.9326664692369,0.451493845331188
N0288,-19.6685479079386,-53.6411463562766,0.567713458223395
N0289,-36.9513757214372,-70.7238580030666,1.71346098559401
N0290,-8.46315669478133,-59.9312701580513,0.121276047032634
N0291,-26.3237498402074,-59.2156853968685,0.100602862163473
N0292,-20.4057585007986,-64.4199195806593,1.8957357573844
N0293,-23.5557562939269,-83.4949837824747,0.00529680826360329
N0294,-17.2982695981521,-57.9303077021553,0.106695293672084
N0295,-4.12923915205144,-65.6450190153673,0.0723071536193248
N0296,-31.4312493005008,-65.9027923778725,0.291293147682091
N0297,-12.3962589775055,-60.6171215222526,0.388460103408491
N0298,-22.7450248395153,-58.2270709073106,0.10931560144676
N0299,-10.2874357947515,-75.3651818673357,0.980164670722749
N0300,-18.5342535199822,-62.8234366278259,0.38301388435129
N0301,-34.1762060969558,-56.6286587392121,0.0827482402547941
N0302,-21.3173757306603,-45.7716704092344,0.756535771405462
N0303,-12.7582988887295,-58.213515765156,0.405677930244568
N0304,-20.0768683780655,-58.7918097919503,0.112829918606972
N0305,-7.53643166073292,-60.1433227656862,0.167618947642591
N0306,-15.1710575498235,-67.2292005612402,0.537515150584709
N0307,-35.5557287768587,-65.7018668469588,0.367275673041502
N0308,-22.8654046258846,-51.9380200609721,0.427144933564685
N0309,-39.4042080742885,-63.3777283744316,0.0524302277835161
N0310,-8.17857563434375,-55.2905115998875,0.263929688360738
N0311,-33.8775312813002,-54.5984026596894,0.145020595776242
N0312,-9.48495910533602,-61.1541879041774,0.146605506991421
N0313,-21.8038438102316,-70.4228174786978,0.0262490295288011
N0314,-37.8208349319815,-52.2743269912294,0.00139379606451589
N0315,-7.00344902089765,-56.2818734927203,0.223355008703185
N0316,-25.5722070484535,-79.4755955609309,0.00864181259857321
N0317,-36.7582622485076,-63.2542201132142,0.146340302069425
N0318,-25.9631708877066,-79.2367144088488,0.00919592447186879
N0319,-20.7241430297764,-77.8397898440907,0.0108833096039519
N0320,-19.7807422065511,-81.1292088169605,0.00648872807147881
N0321,-6.62046710233446,-64.8157305560366,0.0817870446190107
N0322,-17.9264816894515,-78.6243680030857,0.01104837751318
N0323,-22.5043013983941,-46.4885553287107,0.967260389507468
N0324,-20.9449439438843,-70.7712025711063,0.0195532942787479
N0325,-12.6300724158979,-77.4959881148627,0.0134793812928544
N0326,-15.171665802182,-52.1534501430282,0.297683984614235
N0327,-15.2749996141395,-66.8567285653692,0.278795156586823
N0328,-12.5778115401051,-55.0061916228889,0.412501586329559
N0329,-9.27866519367633,-79.0039160071908,0.0129375467761086
N0330,-29.6090396362511,-68.6512514944705,1.68078553196242
N0331,-23.9679650596718,-71.5255919257037,0.0136820738162149
N0332,-34.8347331014036,-67.900106619183,0.538847735827758
N0333,-35.3267451933812,-59.1008315942987,0.0439674560320235
N0334,-10.150105345212,-69.5366606153521,0.277459969857086
N0335,-28.1321844924203,-83.6748718451184,0.00434993448181074
N0336,-5.53584405091899,-71.1749413909694,0.165758392250422
N0337,-4.97366068790415,-68.4338332908781,0.158880742070844
N0338,-34.2916879493924,-71.613809439106,0.184332921152575
N0339,-32.5243026764506,-80.4248099907871,0.00640312769736931
N0340,-18.258395651382,-72.7232100535313,0.0141139777722748
N0341,-16.1315123736679,-49.6961354050324,0.779005716078482
N0342,-6.84828979244191,-72.0105024976743,0.199789792954831
N0343,-33.9666724205629,-55.571829067891,0.156364391188653
N0344,-36.8570084385434,-69.8883035816926,1.32208918288568
N0345,-40.1543923071815,-55.5430131614941,0.00687376090816774
N0346,-38.8744274029411,-71.3478539905467,1.68772262485197
N0347,-10.0775870239519,-55.4133954942608,0.260672872860087
N0348,-8.42277157889819,-72.8858028241266,0.247596576403249
N0349,-7.09736967823545,-65.9155304484802,0.125539091599236
N0350,-31.9700024983711,-58.8849394605134,0.0697947658996008
N0351,-12.1153156327092,-50.1790510474793,0.188804407688617
N0352,-5.55574759691401,-71.3700190064066,0.165353427294333
N0353,-25.5064421980216,-66.8796570147501,4.04939996442787
N0354,-17.047866499889,-54.1522666062527,0.663893458290191
N0355,-10.7431217885768,-72.5860781409149,0.432538590986685
N0356,-24.6087408756892,-54.6869428502817,0.311780542589994
N0357,-30.5441144517064,-50.579722881,0.00638772362256954
N0358,-5.35741488132247,-72.9138275411549,0.156348203962494
N0359,-41.8879550372006,-60.9896158225141,0.012498244693
N0360,-6.34123252041841,-53.1733575953657,0.30401980006856
N0361,-8.62561073776246,-77.0613960559091,4.02895639606411
N0362,-41.4041595832696,-69.8480949842185,0.981606272078801
N0363,-24.177030243007,-45.6070340202097,-0.00327823037337382
N0364,-26.0175993514058,-75.8366707738493,0.0147677737887688
N0365,-33.2701264059998,-67.6997323312238,0.552793568812494
N0366,-9.33063081169062,-79.6351410362991,0.0081025544412822
N0367,-19.5521071327071,-76.2706836604156,0.0144356821183691
N0368,-25.2808510373905,-65.2910885667974,1.39247872790127
N0369,-18.6494659028182,-76.1621472780425,0.0152182273764935
N0370,-4.68795674259175,-71.2413181321753,0.14041495681891
N0371,-25.3438455746851,-62.8413443410474,0.259464134260168
N0372,-18.4645353776682,-62.480337965822,0.354768414326284
N0373,-30.3774675631082,-64.3557033633176,0.664562337564311
N0374,-26.1181983936046,-46.307138844799,-0.00508401575552558
N0375,-23.6652111900081,-73.7595758321905,0.0183480872764368
N0376,-9.34050878888289,-50.5767420265191,0.164342564104233
N0377,-17.7722604821049,-45.51810321148,0.78071955440257
N0378,-9.30756169270771,-71.6097302530159,0.3329532398788
N0379,-24.6155222088777,-56.1370638592161,0.243504708633402
N0380,-22.3230226715511,-66.7702836324458,4.65910416189563
N0381,-28.0311841486336,-73.5405617874535,0.0171606699617372
N0382,-4.61233027185562,-69.8455696314485,0.134863234236871
N0383,-38.2957112357913,-53.813954044763,0.00354355349396921
N0384,-8.63193808183636,-78.2511965951983,1.74689668513175
N0385,-30.5025529603797,-57.000613980321,0.123802686667551
N0386,-15.2031890079944,-51.6240567986168,0.270110413600435
N0387,-8.2740648067219,-59.976360655704,0.0722262829604982
N0388,-27.6382205202035,-63.431320010755,0.170461935989915
N0389,-10.289814334508,-78.3239788424273,0.0147455916205506
N0390,-34.1923614608339,-60.4410654968493,0.0655401986887161
N0391,-10.9864491864266,-60.9661198877474,0.200295695382812
N0392,-35.0487845751759,-71.4600814005481,0.149085582579367
N0393,-13.302361742608,-77.2114468086492,0.0128634119736678
N0394,-10.3669164148751,-50.6560676079567,0.192917009997959
N0395,-14.4506543928652,-59.4014364851146,0.698218566358176
N0396,-12.2605197398834,-59.9367904473242,0.469229323036949
N0397,-10.4384977491024,-51.7843568966747,0.218888553976564
N0398,-33.7873637939069,-52.7555032222552,0.0091766762019159
N0399,-10.6720862089145,-56.3343291247327,0.286423560368654
N0400,-22.4958616341527,-72.8334904058613,0.0196340164174016
N0401,-7.68047958219282,-63.5938206084566,0.0943832764805381
N0402,-13.5587037932922,-82.3543753703679,0.000486907824839052
N0403,-21.2455272121214,-72.690268344615,0.019766619769035
N0404,-8.64068892310837,-70.4570754735358,0.249893688372882
N0405,-16.3480885967772,-60.5827835002199,0.361800948660667
N0406,-25.6232545610871,-59.4976499290841,0.114939819788925
N0407,-39.8649429283988,-72.5977653989957,0.216498278256208
N0408,-19.5978081519318,-52.6035957328736,0.359836379016415
N0409,-24.5126758371228,-57.0774164584619,0.0812385976013137
N0410,-11.7454277910788,-59.5920930814128,0.372929378055188
N0411,-18.3947626938579,-78.7755389276106,0.0105121512282772
N0412,-19.3444801439795,-49.177007156334,0.592467923702937
N0413,-27.06676024901,-64.8883676557732,0.383959747655895
N0414,-33.8877969190316,-60.1835890503768,0.0789462867456774
N0415,-26.2705254259395,-76.4494039962416,0.0138352003143551
N0416,-24.879252807015,-83.9199425047454,0.00479470319843532
N0417,-33.5703070170141,-77.5705851917321,0.0102529128207708
N0418,-34.4184591187508,-50.2413423177237,0.00165093340828836
N0419,-25.1969244402575,-69.9857455468327,1.70453800460889
N0420,-17.0662436967148,-76.5856883934506,0.0155859640895612
N0421,-12.6469172722942,-69.0820117660535,0.261534967904809
N0422,-10.0541425581036,-49.292860182093,0.182435062883666
N0423,-2.58459677613501,-65.8447021988478,0.0534658216026941
N0424,-21.333992874578,-56.6617980891176,0.426349750977189
N0425,-39.3649921061547,-61.5367483104476,0.0137112073237841
N0426,-22.2423898252849,-55.7229768297825,0.602970514798487
N0427,-7.88696143374992,-55.894068600423,0.268653401127365
N0428,-21.9242419934935,-74.2762134047715,0.0170810072307879
N0429,-22.5327351076335,-77.0748547407006,0.011245120173995
N0430,-32.2986974006014,-79.504996210148,0.00775605663661611
N0431,-13.5678643206578,-55.9339351090797,0.429303335905057
N0432,-36.6025621317478,-59.3963440238175,0.103866598997137
N0433,-28.0376533667776,-58.591881439987,0.0825165454600447
N0434,-23.8605329067963,-49.0955027713645,0.668119668780957
N0435,-6.51374696480529,-60.9320196343299,0.0644055289259292
N0436,-29.704234352861,-64.2372786398913,0.364438004140106
N0437,-40.5761256604895,-69.6465735058485,1.3540636213709
N0438,-37.3491669859149,-74.5369095675952,0.00905116285463628
N0439,-40.444420508853,-64.5684229418042,0.127192785199797
N0440,-13.827281305919,-61.4641357873053,0.200589076574873
N0441,-15.753712480046,-55.5857722260248,0.265248074442716
N0442,-8.85937533516865,-74.5447633096035,0.170339552567186
N0443,-28.6762413824296,-77.4718978053202,0.0116591404305816
N0444,-36.9994356251076,-78.5708924007709,0.00847047819353022
N0445,-13.4662170871629,-55.7510222626124,0.460160035021605
N0446,-32.4634448782841,-47.6537493170969,-0.00314792140841313
N0447,-21.0118663059856,-83.7585248403446,0.00337554095138411
N0448,-15.9967304358771,-53.6827326783949,0.487601804458892
N0449,-33.9771825745286,-68.9110991542899,1.30665166309437
N0450,-35.6220334402562,-79.5728830340028,0.00772995656744698
N0451,-12.3943033512493,-71.4659689001132,0.557480895330835
N0452,-27.4506163979013,-78.7814863226099,0.0102252552714148
N0453,-24.5849913354144,-76.3354221956554,0.0135778252386424
N0454,-18.5217569237575,-53.2879875674036,0.597552908820997
N0455,-30.06859382949,-72.9447949235894,0.0132993599266498
N0456,-8.59746695676754,-78.6070800426546,0.249444640364276
N0457,-25.6778676729568,-79.0892575046,0.0091398380550026
N0458,-22.6340653092632,-53.4216061702766,0.260615062579746
N0459,-29.0767985727004,-76.0635746048106,0.0135102172229749
N0460,-42.0238722473291,-64.2519280416448,0.0134142435622233
N0461,-10.3561174178046,-64.5496520252728,0.203958911778192
N0462,-39.8529374874047,-71.2206658692394,0.963972985354436
N0463,-21.2448667063582,-69.2731500033047,1.32648765225383
N0464,-10.5619448393061,-55.3132638659315,0.257121608706082
N0465,-27.749145718124,-69.5267373518643,3.36948605568487
N0466,-22.3343088549512,-55.3749175736382,0.448961310135435
N0467,-35.0898579604313,-72.2058786681036,0.0195666403611166
N0468,-37.2220621092882,-57.0146269111845,0.0194864669250236
N0469,-7.0231156811043,-64.1287459198466,0.0805629531293172
N0470,-20.6695617705788,-79.7221791423549,0.00840547336021405
N0471,-19.4119166422471,-75.4083373379851,0.016263928220204
N0472,-20.2782500095532,-75.8562768385536,0.0147166313800368
N0473,-16.2470826621758,-59.7122958501304,0.265340069619999
N0474,-15.3505681991995,-48.4512087563346,0.705672346068073
N0475,-16.0374556571376,-53.3548364024123,0.437759486600584
N0476,-27.720616713842,-81.3162486469536,0.00694937025786599
N0477,-37.9037962288443,-62.3181873181137,0.325748458928589
N0478,-29.2464242081503,-57.0941234954281,0.0835030092659395
N0479,-17.737933472485,-65.1798076759882,2.90115564759505
N0480,-37.9653246866055,-69.2734236128883,0.48560544064884
N0481,-23.3721303764948,-57.5358011059751,0.0828394933501263
N0482,-24.6041970319653,-69.9031676656987,2.03184590718259
N0483,-25.4521556769063,-77.2637873921142,0.0120909775879552
N0484,-11.4061932476285,-68.7110390029274,0.312704135158479
N0485,-19.9954806364615,-66.5953569494665,4.89168973915363
N0486,-36.3193539990912,-56.5272105330324,0.0144368617529738
N0487,-19.7614010840634,-59.0234273747235,0.172709707192559
N0488,-30.3298406740951,-68.874112783233,2.49333864779067
N0489,-7.4307255720999,-58.0179939665601,0.0951868264133649
N0490,-10.8038735355509,-69.1353848386315,0.294888553038253
N0491,-38.8618815795265,-53.3854171249423,0.0019031429453165
N0492,-6.84298842771349,-69.4888380854733,0.201228770643273
N0493,-41.030795535022,-67.5375934225042,0.934346419634933
N0494,-7.46384711133459,-59.482514233979,0.127570141763294
N0495,-27.9105767297493,-54.8479152866157,0.274465392633211
N0496,-31.6032835918613,-72.8216342402321,0.0116514004102017
N0497,-10.5484649327831,-63.5387627209677,0.335255809172222
N0498,-7.01255210282814,-61.3256220030902,0.0882675358792668
N0499,-34.3961504602244,-77.0281095071107,0.0107895053848307
N0500,-34.2582985621716,-61.1963315672533,0.109675166523942
N0501,-11.8589288586116,-78.6393920777346,0.003805921495569
N0502,-30.3967150489695,-66.4377883170099,1.22499685084208
N0503,-29.5993383044909,-52.2552463837887,0.0484311744395584
N0504,-36.3837981748058,-57.9557392948054,0.0266307504095603
N0505,-26.6763348223743,-74.6402931679241,0.0170431066223314
N0506,-6.14467603012977,-65.818532473441,0.125028929906807
N0507,-27.4527529329586,-79.5221019198945,0.00918086285244522
N0508,-24.1382117811918,-79.606464388563,0.00879459131434716
N0509,-11.2888642600054,-54.2630451481641,0.332028071284288
N0510,-9.11912167867201,-76.9441274929934,2.4061217116329
N0511,-23.9974205256303,-59.6651717006059,0.137022964540955
N0512,-27.8471462291105,-79.7473008219977,0.00850899171383431
N0513,-8.14282291951453,-61.889265091699,0.0980506282618815
N0514,-18.7647610836349,-62.5469508523176,0.370675251309305
N0515,-14.355524232609,-52.5781012631242,0.365713856217522
N0516,-5.40358828153175,-57.9397139115405,0.0937794570779839
N0517,-7.12651581786757,-71.0710484268834,0.245317249028625
N0518,-17.0446310538966,-58.2945581026581,0.109626948258782
N0519,-16.2179383213218,-57.3126304412187,0.156928398788995
N0520,-35.289881382247,-68.1805402550741,0.767205365321051
N0521,-18.3037045776677,-46.0814665691163,0.870902049236015
N0522,-34.137202260081,-78.0644379019564,0.00928580695449115
N0523,-33.8460163291494,-53.2893638588871,0.0111083823878756
N0524,-23.8530068743323,-67.0760693864156,4.02554463968383
N0525,-11.4146061668993,-72.7655105690951,0.384377332116691
N0526,-33.187559550504,-72.7332586928508,0.00885289139220237
N0527,-40.5375531742826,-64.0307796034253,0.0874398164845115
N0528,-34.6178782239666,-62.3736655521733,0.122761709785567
N0529,-31.9052136490905,-62.7343420193765,0.153212786974511
N0530,-42.4076880843913,-63.4182380121068,0.0128064808770212
N0531,-33.1510918861456,-65.5349432775723,0.940729064571798
N0532,-9.34285413594283,-51.4937639518038,0.401469056986902
N0533,-36.2950688198873,-76.8470076054661,0.0111920216914367
N0534,-28.4526793947493,-74.0597214616696,0.0167709806296856
N0535,-34.7633072483603,-57.2987159845713,0.0156682973449186
N0536,-36.0847376256681,-61.2335953647555,0.109949032639641
N0537,-25.2395637010573,-48.4974670228513,0.0329238364137602
N0538,-10.2789929779675,-80.0967854029154,-0.00136308614745833
N0539,-8.14346316630763,-65.7976379235632,0.136513816011946
N0540,-20.5109417886266,-61.2660376438032,0.265001760051197
N0541,-24.408175559036,-63.1775368671437,0.256175130968004
N0542,-32.3818469450558,-77.1577111370192,0.0109827144085988
N0543,-22.8561300271219,-47.9053248421301,0.502308264679281
N0544,-19.3800267932175,-55.3569899017918,0.143235865915856
N0545,-25.775175742828,-79.4590706972656,0.00888035591196677
N0546,-19.2525039460102,-83.6292243919072,0.00217935079354554
N0547,-15.3151832920296,-67.4573586246718,0.590156683678579
N0548,-31.3183471659567,-59.698069486625,0.0807376929236856
N0549,-29.5431273749557,-74.0213501588666,0.0162686636832468
N0550,-5.1578005304898,-60.5109708735329,0.030879497853289
N0551,-25.9477071074693,-60.6005308633938,0.132290291752873
N0552,-15.2520199491119,-62.2348058968372,0.307559056780109
N0553,-9.83146925174524,-66.4718963890804,0.167427578976148
N0554,-41.2295081775928,-68.9777542042548,0.883703389742354
N0555,-37.0467779744917,-66.8258410161549,0.287469259933458
N0556,-21.3823126401657,-45.4256448080434,0.970999369589926
N0557,-16.7771329579194,-76.4909893436164,0.0155222725623133
N0558,-11.4858874520923,-73.0202687964255,0.403525152854435
N0559,-21.2848600408572,-46.0254951049995,0.816498750038474
N0560,-33.7711770939466,-70.9513735829835,0.376428595934183
N0561,-12.8106243124814,-57.7322659534603,0.380182246382717
N0562,-20.5965212861434,-70.856009859988,0.0181425703511051
N0563,-25.8176978149875,-78.6534879583497,0.0100704634172309
N0564,-23.1345395519808,-75.9808401598198,0.0141674340241059
N0565,-25.0946416033535,-65.5401556801306,1.28538121292773
N0566,-12.3130557579662,-75.1130264332842,4.21359771811518
N0567,-13.9207083937078,-64.6550751860989,0.169824719198012
N0568,-25.885511306562,-69.9824137059016,1.28677225747651
N0569,-31.3977005233131,-68.7183322265668,0.895559376099708
N0570,-23.2616015999244,-74.4516615858691,0.0170264799050154
N0571,-25.0291819481532,-76.2096345357477,0.0137459947119175
N0572,-6.72056960473582,-60.9962584382678,0.0471914886485351
N0573,-31.1530692226391,-80.1302371608132,0.00721727940581612
N0574,-27.9363332926544,-54.2097668962939,0.309307141596293
N0575,-31.2953713473169,-54.2514222970375,0.244467351060013
N0576,-10.4680304417027,-56.8347153230373,0.302438124200526
N0577,-20.9632118620032,-55.2132034917779,0.349318593161852
N0578,-6.34310802159369,-67.5673187077864,0.150589655152461
N0579,-28.5271983107367,-56.6449320585103,0.0714308454071849
N0580,-27.3200814989616,-78.9190305010879,0.0101100732269859
N0581,-14.962921327991,-50.3543383063925,0.33155813181863
N0582,-8.18010678387589,-65.4824781979996,0.110469395408656
N0583,-4.58883934219737,-56.1381888931126,0.136101855349871
N0584,-26.6084723193947,-62.5688338996797,0.210324727314677
N0585,-15.8008161864062,-80.543604510013,0.00553191019100827
N0586,-29.8946661672202,-50.2789044745069,0.0197785908121741
N0587,-23.3920942965425,-66.3733135136923,3.73953272829826
N0588,-28.4243888925309,-72.7245795522846,0.0156265003956534
N0589,-10.3118914483947,-59.8515610608149,0.244922850718348
N0590,-20.7555218155635,-67.8996964432641,3.72059107177199
N0591,-10.6389604677666,-65.899629400225,0.175482753949948
N0592,-28.24725015248,-73.5327306209408,0.0171795297350964
N0593,-24.8961143360951,-63.7833657607092,0.352106475348045
N0594,-7.04305625518436,-68.6007272395436,0.191609542926965
N0595,-14.1994180074921,-56.9977130027185,0.554737933128621
N0596,-13.164588325554,-73.3456273679875,3.0426877864782
N0597,-24.8526429276773,-65.3460655299416,1.44849180483881
N0598,-19.8674364765097,-60.3326607201979,0.204469237310082
N0599,-26.8161591970607,-72.6747441735748,0.0182619214186199
N0600,-23.8891430195203,-68.7114469209525,3.39113397382669
N0601,-8.08535435603491,-70.8877374391087,0.286984391441617
N0602,-31.0288506218984,-77.738028106333,0.0102525720754539
N0603,-17.5243861943598,-48.9628411820519,0.648414643101839
N0604,-27.8642131822907,-67.3033928945367,2.00565217096747
N0605,-3.01068438324733,-61.4872057025761,0.0410787945289924
N0606,-17.6660348527178,-51.0363940330976,0.74892224491967
N0607,-24.8694470087695,-75.9035003574758,0.0142218614114001
N0608,-27.3054100576918,-75.5083925336409,0.0151605533738832
N0609,-10.4631360494716,-79.5252100621831,0.000276996616800265
N0610,-40.7283529994494,-72.6027609645173,0.304260302467065
N0611,-11.4934329221973,-57.6410381433089,0.281746797080968
N0612,-27.1858528637318,-68.6603890939901,4.91747358336099
N0613,-19.9215310284543,-77.4470519021256,0.0117910338602714
N0614,-33.542757454727,-63.024059275982,0.143227453740697
N0615,-8.81001544962788,-57.6763380087437,0.219286723248515
N0616,-21.1764397866471,-78.1873002520496,0.0101339878582892
N0617,-23.9793860006041,-62.4132005524806,0.225471298791989
N0618,-30.7893419953297,-60.3453399698042,0.0397159626943704
N0619,-32.0736072898221,-72.9563639196601,0.0119877488705722
N0620,-14.7122624942239,-82.8484227576095,1.52313887302791E-05
N0621,-11.821043217116,-60.005970521668,0.440570514124094
N0622,-28.8262427119446,-46.077479704936,-0.00608120056239014
N0623,-18.2641962215963,-50.1869222667716,0.438313832497899
N0624,-26.9024295853566,-50.4742584204866,1.04414349222342
N0625,-29.1737618652068,-59.0690862532449,0.0779875381770884
N0626,-27.9665878385346,-56.1844587754765,0.10026549379278
N0627,-39.0485138529793,-62.512559190769,0.0325215352632011
N0628,-32.6743801583784,-66.2742548311887,0.769046542912889
N0629,-4.21953169964656,-66.5263216832359,0.0732743782462372
N0630,-14.1724648963174,-70.0632050335469,4.55499610734837
N0631,-36.9539491951805,-77.0502961852773,0.0106177876861198
N0632,-6.19374332382979,-75.7934412427756,0.154395889451792
N0633,-20.6126648228214,-79.9273563315347,0.00810704011931189
N0634,-14.2004186605576,-65.6674245555409,0.180773797078576
N0635,-10.1917981819215,-71.6270539745916,0.424097513796173
N0636,-25.330641857274,-54.403021412063,0.267448302888618
N0637,-12.5083389508046,-48.7984084367155,0.251682754339773
N0638,-28.8542605528017,-57.9692315177596,0.0988562200384233
N0639,-20.9361961555612,-71.3599793872717,0.014461626693
N0640,-21.7322385288694,-61.7266652118851,0.248601781093205
N0641,-13.2307535710307,-64.0489326963275,0.170900639606743
N0642,-20.2276192712503,-54.5139210331359,0.647667706279966
N0643,-8.67094451223207,-53.292615383545,0.27707014745357
N0644,-27.7338426160039,-66.2629650913552,0.81017674995077
N0645,-24.2789458895093,-69.9736304544128,1.28827037053335
N0646,-35.1041444138271,-56.3809031863279,0.0140887634368852
N0647,-11.0468926100975,-60.9498432489914,0.198875490398027
N0648,-24.4090057885433,-83.9907764659345,0.00486104116799543
N0649,-16.9056097572298,-62.0476012548709,0.38420840103617
N0650,-15.9803790969522,-80.5439664567271,0.00549490705225792
N0651,-25.5280482269242,-66.4761447200524,3.53310156538698
N0652,-25.1336780676635,-47.1472626664792,-0.00142055125632181
N0653,-16.541296442433,-66.0089173674127,1.10589088008179
N0654,-35.569693507592,-67.6002488961852,0.452394609216753
N0655,-14.561708466246,-71.1855179297566,4.59701800430971
N0656,-10.5984441458194,-60.259419437194,0.22257569918521
N0657,-3.40937168523719,-60.6778718413872,0.0102224742378589
N0658,-10.6215407196126,-76.4596836180884,4.38897795175569
N0659,-22.3047592174647,-76.3587231737039,0.0129083654500443
N0660,-28.4440622487981,-63.6172789738736,0.143681916149397
N0661,-33.7106534442373,-77.2881132789086,0.0104582734383228
N0662,-16.8292605580674,-83.0659156661618,0.0010688906947448
N0663,-13.6352854090174,-72.5482278401063,3.44681569590181
N0664,-11.8327818059279,-80.7926879465498,0.00345067768792139
N0665,-32.22097513481,-63.8211033190016,0.344108378968043
N0666,-12.493084833576,-62.3272900755495,0.284201014654342
N0667,-21.3739031164284,-59.8875361466163,0.154336964570958
N0668,-27.9993335964589,-71.3683895158912,0.0199051016993949
N0669,-13.3192449798614,-64.4144290190247,0.163925038577218
N0670,-18.6063718143779,-70.5884537963785,0.02719247695842
N0671,-38.4048521574739,-68.8189777463517,0.501701518678356
N0672,-18.0131616931885,-55.2371762781599,0.164159115823379
N0673,-33.2435199997141,-65.8584243005366,0.849299723999449
N0674,-29.3264748274509,-53.337960415819,0.419040745762526
N0675,-11.088901684052,-61.331374628857,0.213067087616281
N0676,-29.7479097740178,-54.3850324796592,0.108182982328609
N0677,-23.3551251589081,-45.0401526497757,0.518723186684667
N0678,-27.9120214212079,-60.700265090799,0.0929651528694202
N0679,-6.20250921345905,-64.6727863443339,0.0715421490717506
N0680,-17.4109543763839,-46.3005645359091,0.532178751360757
N0681,-26.0857127615728,-67.3681207133949,3.52198832619946
N0682,-20.7278267951524,-75.5899381091266,0.0149281152757745
N0683,-33.417663678992,-53.3738653902402,0.0222176046972844
N0684,-22.9930879712748,-84.7783915768345,0.00380707527580518
N0685,-5.10522950264865,-58.754248324876,0.0804089564931736
N0686,-29.8347489461473,-50.2761195929869,0.311964625357618
N0687,-22.0326576484927,-48.956395084948,0.466303965968947
N0688,-12.8860596870526,-49.8049453783241,0.292789024986126
N0689,-23.9209724343669,-76.6217447095581,0.0131991710281833
N0690,-15.522322878836,-77.2844549813793,0.0136960228965454
N0691,-33.8508869128319,-71.813881613955,0.102679342815076
N0692,-17.3468711027478,-51.9322561844768,0.937940445692958
N0693,-17.5501870402635,-67.4822601747756,3.88226717475558
N0694,-20.84127766267,-69.2826441773043,1.56159402612237
N0695,-21.1729900121025,-70.9588299368986,0.0161426086198691
N0696,-17.8609806922063,-45.7080826966259,0.725213695849574
N0697,-17.6565197138856,-67.776481046393,3.78914198754959
N0698,-6.34487919418178,-57.3079232319951,0.137828063659954
N0699,-32.3899052889747,-65.2041165485314,0.630075107219501
N0700,-9.5924353792877,-72.2135042712497,0.398000051658207
N0701,-27.0432261656525,-78.5780579278831,0.0106348671304036
N0702,-27.3173628856831,-51.8244903164664,0.662114104224024
N0703,-11.6759050283669,-58.9126933871741,0.321765792776834
N0704,-23.8360313819758,-81.6971958312205,0.00655520396862716
N0705,-9.54622373069059,-68.5570691284559,0.258016661132064
N0706,-18.6810788098388,-66.4773312944296,4.49773675441714
N0707,-10.9188028697266,-57.0140933892166,0.387509971825944
N0708,-39.4877479280339,-60.4113907291609,0.0135944125151012
N0709,-17.2910383733001,-60.6309005331227,0.314258087298825
N0710,-27.545002129795,-80.7817998340755,0.00758075112488708
N0711,-18.0834369228863,-54.5665900548834,0.253604339539184
N0712,-7.90997539922681,-58.1387786210724,0.144178736161465
N0713,-28.0342841784508,-63.1400696990762,0.149538759311306
N0714,-24.518945475522,-74.4999678049065,0.0175385073721135
N0715,-24.2212151508281,-78.1031765841153,0.0104808612751373
N0716,-11.7457702527025,-80.6604589364361,0.00342954170590077
N0717,-29.5748210199482,-69.4490435343221,5.91613431693345
N0718,-23.1896119028862,-75.9716597343464,0.0141980273053461
N0719,-19.7288415292703,-58.9502016412274,0.188185411999004
N0720,-4.60216566222751,-64.8188365239449,0.0852283164501064
N0721,-26.3688149688697,-56.5383111358257,0.106935230959888
N0722,-15.12118111589,-55.6090383157084,0.357044712722495
N0723,-5.73079331961482,-61.1605732679666,0.0378986926323616
N0724,-5.63611711328091,-66.2431444361422,0.124495814399358
N0725,-26.649309862631,-58.3465464963331,0.074861265115755
N0726,-9.59847164653601,-50.2031087398764,0.16093104488286
N0727,-11.6465412139624,-79.1549767742221,0.00095050961549462
N0728,-30.6128825487544,-51.5687072734544,0.0910057975705484
N0729,-26.4107788513092,-62.4864289697677,0.207960182222524
N0730,-13.9517175846511,-68.7748782567183,1.16877633378705
N0731,-4.25853304431435,-65.3398943331377,0.0892268921058527
N0732,-24.1013947930167,-75.5412717274912,0.0146231404210235
N0733,-21.2965264513475,-61.1020327444357,0.214033879571822
N0734,-8.47564201633366,-75.1488352450635,0.211762745390515
N0735,-5.0689274117237,-62.0120510912481,0.0541769542010607
N0736,-11.6663600559394,-69.5896007475015,0.35324171625358
N0737,-26.1671022011231,-75.2343222705881,0.0155099022278546
N0738,-8.51977675056285,-65.2290670368645,0.127444442802961
N0739,-40.7935364500185,-65.5602753511636,0.196229632478274
N0740,-11.6295523303834,-61.4426396388725,0.272965644965262
N0741,-23.1493283041544,-47.7508885504904,0.535072594772107
N0742,-10.7095262658936,-55.4750094786647,0.328718786085951
N0743,-19.0362518802427,-82.0951293656175,0.00431138019720572
N0744,-24.2356856761514,-61.414281374354,0.189185881616879
N0745,-2.93964937613643,-68.1566200303108,0.115355924695213
N0746,-28.2400906001694,-80.4536401424828,0.0072097680629802
N0747,-8.85855868136923,-78.807564113808,0.0147929475023081
N0748,-20.7096318473631,-56.9819745994089,0.326178363263965
N0749,-24.872721250242,-67.1550268680759,3.89596200793057
N0750,-28.7456824593325,-66.5495815316742,0.670501887477729
N0751,-18.0574894556547,-74.3057293330243,0.0176008094087529
N0752,-16.0674176665898,-58.5968054090243,0.238186663027255
N0753,-2.85179350534607,-62.2292939781173,0.0468247248656416
N0754,-8.64737075329431,-53.0303066295859,0.373051538373968
N0755,-31.9159832497185,-72.3831800577425,0.0107577569656597
N0756,-36.1772584748568,-68.812515979496,1.71605378952398
N0757,-19.9031453421931,-59.6388902352117,0.14539509227104
N0758,-30.3478238514441,-69.2310495506477,1.97742255311357
N0759,-17.3828299914872,-52.870498410892,0.926171107772151
N0760,-23.4151480837282,-45.3477759747716,0.844615722557591
N0761,-29.9931014964226,-61.7827818670948,0.107906526082922
N0762,-15.4469499106594,-82.5652722759171,0.000814755376656942
N0763,-28.8875418661437,-74.5572449956478,0.0158548543515741
N0764,-40.392504418266,-56.2926019598614,0.00930327408869114
N0765,-25.201121662559,-50.4854419132275,0.798260835881331
N0766,-17.5267487343771,-45.8147913105485,0.739672881327225
N0767,-19.8149932282378,-77.2484668060733,0.0121815624247638
N0768,-7.61827658320069,-74.1615183461095,0.272015943899651
N0769,-26.901679437315,-63.3779179551428,0.209450328775328
N0770,-22.406672027272,-71.7584582032715,0.0165840660000085
N0771,-5.21480075525371,-73.7549862055667,0.154651478075094
N0772,-36.9246463352559,-51.5106930371562,0.00109601791872245
N0773,-14.1192036693909,-54.0387296893275,0.52466469137363
N0774,-19.5802299885317,-80.1718057295562,0.00785834532599044
N0775,-36.8443458368747,-72.9159342254025,0.166983334775537
N0776,-12.8890112092236,-79.7439363890804,0.00594468253304316
N0777,-13.2405970029153,-78.3409740101073,0.00627913000882044
N0778,-16.1896814557599,-75.4227507484674,0.0120392897389985
N0779,-37.41055335646,-52.8868788651719,0.00254642233170819
N0780,-31.0217509169372,-49.271557078127,0.00206750866905593
N0781,-25.9239215174683,-62.514844281114,0.225433640375409
N0782,-9.31651356025648,-57.3425449171182,0.287899144644367
N0783,-26.9687274391452,-49.4868938630313,0.459310841082679
N0784,-24.9173851133309,-57.6940215069226,0.0857577692108798
N0785,-25.6028750795738,-52.5577203436161,0.568702507147426
N0786,-8.15344726299909,-66.9048561734101,0.143884395091032
N0787,-20.9463775978195,-59.9759464838097,0.154680941890802
N0788,-21.6829061191993,-53.7927613305539,0.394339018438874
N0789,-36.1131702927319,-67.4167864395029,0.487859363976248
N0790,-18.3475102728621,-53.9571839493648,0.43018684791554
N0791,-21.1419736777378,-60.6525172397372,0.185124989471824
N0792,-5.96341253642915,-70.0488273694502,0.206542992560627
N0793,-12.7863472625108,-54.7938702228974,0.340841778676788
N0794,-36.2834981219814,-69.9777862345398,2.25519409777007
N0795,-10.7920737356369,-69.6807809088699,0.36266921454534
N0796,-22.9448731474801,-65.477744296045,3.81573793114934
N0797,-18.4937922359768,-80.6082520239478,0.00651393307440579
N0798,-38.7208361859869,-69.644616493922,0.736639963359442
N0799,-14.0131931577211,-72.9386069361995,3.66679750610374
N0800,-14.7603664022105,-49.4828724810095,0.761031420417367
N0801,-22.9111171723331,-63.9050190463397,0.426659609774935
N0802,-31.7768750571438,-56.6871065704471,0.221783908480122
N0803,-20.84137877289,-69.1281916117229,2.30066733071573
N0804,-39.8987095710957,-61.795967181314,0.0133000364416765
N0805,-13.4122252984009,-53.3635095758675,0.385295093252465
N0806,-31.3013372552724,-56.6436588597006,0.224602842294962
N0807,-26.3020487002631,-67.3912263800995,3.2048739673445
N0808,-16.6758086880342,-73.659157255977,0.0187675338625758
N0809,-33.788480545286,-76.3830745742165,0.0113929366507762
N0810,-37.8849015642808,-65.9625963815765,0.244184724924354
N0811,-37.5222327135541,-73.724585366583,0.0169063967941981
N0812,-40.983831213614,-60.497057027781,0.0130434135490936
N0813,-15.3059079901578,-72.7538278183371,4.79782024611802
N0814,-24.357786176194,-53.7625787785237,0.361248727310451
N0815,-21.5270432729625,-78.7867823933102,0.00926475992819685
N0816,-38.0308975830825,-75.6692922758,0.0106905673183821
N0817,-13.5578955018082,-49.5456846878899,0.372711573904594
N0818,-23.046163662118,-73.5269542025396,0.0187794887610118
N0819,-34.992858021263,-51.7045437862011,0.00635646567366977
N0820,-30.5508593417142,-82.0380028031389,0.00511157689204189
N0821,-11.66613587948,-60.1408554951593,0.333756865924517
N0822,-22.7353108906765,-62.1524557939257,0.24995133669755
N0823,-33.5525539310378,-75.3474609669049,0.0133338751805735
N0824,-8.30915650961181,-58.4533795793079,0.215957880300961
N0825,-12.9318188126806,-75.4056514907849,4.5993729932252
N0826,-26.2527168925518,-83.4329115556079,0.00515391344448621
N0827,-21.2402782967318,-54.1915112557419,0.417697178833322
N0828,-33.7781428868694,-58.436303580469,0.0169188240600434
N0829,-11.4568496258645,-71.2862655182641,0.508165425214906
N0830,-20.0710186807515,-59.1230850111305,0.126383037522432
N0831,-36.6209170032729,-64.8534039310919,0.271686651986376
N0832,-19.2083345312226,-84.4065758156367,0.00122790430413809
N0833,-21.7480855523495,-74.8430205497238,0.0159762186135808
N0834,-10.9465958061709,-74.9656464811151,1.20850501471511
N0835,-34.9045357049602,-67.9691465408756,0.568399645860956
N0836,-23.0916193137997,-61.7646434433619,0.221026434764892
N0837,-8.118432366296,-73.9665898069743,0.250674944553409
N0838,-25.3855483616853,-72.3290325098304,0.0181804649536592
N0839,-32.4392373376163,-76.2058340445682,0.0124996273855615
N0840,-32.0145074793797,-81.110614545408,0.00595865283525463
N0841,-22.4418104780777,-54.676553857338,0.345240173475754
N0842,-35.2645940016154,-76.8790212086193,0.0114706441327918
N0843,-13.9116772075639,-48.3876467209631,0.806658995844395
N0844,-32.9545851283482,-68.756149782735,0.77704485792131
N0845,-20.2279222544487,-81.9842612798446,0.0054545708635248
N0846,-13.1443879835979,-71.4389770391802,2.25766964105624
N0847,-24.9191028222365,-75.0331660573164,0.0163878678538101
N0848,-17.416751938899,-71.7727155953896,0.0267847250019746
N0849,-22.2406739572813,-59.1689469010498,0.133733744684649
N0850,-21.7650384664084,-66.6518827138023,4.52694416973852
N0851,-23.1148775370796,-68.1996724258503,2.36286651839381
N0852,-6.5653363729984,-67.8504814842001,0.152238071535439
N0853,-35.9422216192499,-77.4150070611659,0.0105340890711138
N0854,-36.882817527288,-51.0417750509354,-0.000106564897811616
N0855,-23.3584580100486,-70.1022691922814,1.09637652513067
N0856,-19.63721752466,-83.0632930592301,0.00319639961816892
N0857,-25.7667040342694,-63.3670929165752,0.283398832610777
N0858,-22.1472157161999,-45.6062925640528,0.972257685417513
N0859,-33.75880066761,-51.887749564217,0.00826746275838392
N0860,-5.70004216342721,-55.8376083586885,0.139277980176905
N0861,-9.40390672342088,-61.8894896821539,0.141078620607213
N0862,-27.4898336949555,-70.4157111185946,0.709327048129088
N0863,-15.9452192405296,-58.5064650585974,0.209287239049005
N0864,-21.2316218461135,-64.7267473845054,2.8339724422569
N0865,-28.6572298979986,-48.9578746221647,0.00616953826312286
N0866,-29.696674791083,-50.9401266101188,0.0168740562776207
N0867,-8.21041033558775,-58.1491794791912,0.156043149237764
N0868,-38.1231356827045,-68.3686263848256,0.54337072641954
N0869,-18.235410314553,-79.5535698933317,0.00888269990177789
N0870,-21.9013244791316,-47.2265842482986,0.586584470988654
N0871,-14.7931846940437,-68.4515647339105,1.52814333257795
N0872,-8.729237475229,-62.9498947729618,0.118346277241073
N0873,-40.6301325074133,-71.290174496035,1.0260555254057
N0874,-12.3467990152953,-80.4847542585758,0.00427088071778205
N0875,-6.08970414553386,-71.4850672521492,0.175339756562054
N0876,-23.9417616459314,-71.5600663399596,0.0139261524945943
N0877,-12.1330584308776,-69.6333202573061,0.346306237487088
N0878,-10.5359802209971,-65.333767641979,0.171131676681053
N0879,-7.46994526378542,-62.2853994003703,0.0859848166031821
N0880,-25.6800428123373,-82.0117812317686,0.00695548106642249
N0881,-7.04562381283899,-67.2651376474181,0.149008252492255
N0882,-21.31132403199,-80.9681387300962,0.00733717572105757
N0883,-29.2283404314513,-65.9070430613985,0.309946327328984
N0884,-15.0531257556256,-66.6851498286719,0.243883934557585
N0885,-36.3412943301304,-53.562965884591,0.00794484639450785
N0886,-7.49574702518279,-70.9513539760301,0.257997759410564
N0887,-30.0334411423962,-78.2059861740951,0.0100324780483292
N0888,-41.2745288569887,-67.5922448124328,1.11830008474657
N0889,-11.5427468736829,-54.9344575575825,0.309639461891189
N0890,-32.028692574947,-78.8348343157217,0.00884360950036622
N0891,-17.3132067998478,-56.3211739870785,0.126030443354426
N0892,-20.4326626917178,-74.149774815766,0.017782250965459
N0893,-15.6792556193057,-70.2525922622435,3.91683725366127
N0894,-29.335661882539,-83.6323545892346,0.00411315208494926
N0895,-32.9767184534185,-78.061443334198,0.00872065066768847
N0896,-40.6687503037388,-72.0522251746179,0.812338393767434
N0897,-19.058662439205,-63.5625826791043,0.55994330101417
N0898,-18.3603077809781,-49.5566772257246,0.4973312883747
N0899,-24.2404357283673,-75.2490619895217,0.0152005778304253
N0900,-37.6723277207523,-53.261407386033,0.0029969621693214
N0901,-11.8142061110802,-71.7024638886663,0.437407988968128
N0902,-26.0397873766382,-62.1978801449096,0.207386842909451
N0903,-17.9703856497023,-55.3223244402995,0.165559821421122
N0904,-26.4449838399683,-70.9676032139092,0.021722995422677
N0905,-20.5466750230148,-68.083327648384,3.70298799059598
N0906,-35.6257731195302,-62.2071859598838,0.101363687263562
N0907,-13.7315447322137,-57.9552367311573,0.569489020095705
N0908,-35.6846621704845,-60.8711749732527,0.096850254858443
N0909,-10.8932305051986,-77.6294031394458,0.140627885049149
N0910,-19.7498330045262,-49.9958171863908,0.391206159658387
N0911,-36.4816963466521,-60.7172943273815,0.11805795214794
N0912,-16.646302991312,-56.6888437001303,0.133118388061836
N0913,-11.7837903063648,-57.0870306751112,0.304040544383068
N0914,-41.2358898295053,-68.3822803326593,1.00497268695818
N0915,-24.0742211099294,-68.5545885943138,2.93323606234827
N0916,-18.0863654982735,-73.7007353428923,0.0170450081248168
N0917,-26.3211104264834,-56.5145513944311,0.129786596926835
N0918,-27.9484407337008,-56.4403364985951,0.0952355276050868
N0919,-19.2605665335459,-70.7585776538126,0.022840971634704
N0920,-8.36215019847312,-63.7514406006898,0.0936176058097828
N0921,-31.6550695170397,-49.9476158627325,0.00449401117899562
N0922,-11.448889931129,-76.6917421782722,4.45657465256591
N0923,-31.4104965156261,-63.8516677095468,0.346295137508238
N0924,-13.583552848875,-69.1379419064089,0.793853289099252
N0925,-15.638498378392,-51.1982223138926,0.309689639111498
N0926,-33.9872334648093,-57.5717189747238,0.137952858690802
N0927,-25.5629888022816,-72.0732457451644,0.0165267531273074
N0928,-4.77761360896639,-70.448609769335,0.123527419138871
N0929,-9.58435769173966,-74.5591738511787,1.43297246196162
N0930,-14.2174221616096,-47.1575576650325,0.482023417320439
N0931,-30.9602779782654,-71.103268556098,0.715081595635618
N0932,-31.6666317971362,-52.0146521918781,0.00824141772616975
N0933,-33.7364813595226,-75.4290441823087,0.0133579137780386
N0934,-12.3752664736815,-65.1289187611358,0.162386835235761
N0935,-9.8876361733642,-51.3576425899352,0.421062218793631
N0936,-12.450412328165,-70.6414781502883,0.283043142146798
N0937,-33.759354115387,-69.2003788265899,1.15157335020101
N0938,-17.6185810612695,-52.2469836056332,0.881577351678812
N0939,-35.8394643874572,-52.9516677293323,0.00740961408360331
N0940,-3.70635811455591,-69.9040734522361,0.160645098043154
N0941,-4.3098218897468,-67.7279855837392,0.117224267238304
N0942,-9.72373266875297,-79.4527719328456,0.00689537815214247
N0943,-17.6405510736981,-73.05148834598,0.0128228437815207
N0944,-38.7770638300652,-67.1227866752308,0.381992056642676
N0945,-26.5523728471561,-52.050527459067,1.08867656414089
N0946,-19.1047154516869,-48.6609634207782,0.715667890318648
N0947,-31.1786139265527,-48.2538483893694,-0.00266186703873088
N0948,-13.4097599940823,-50.3056067692923,0.2996623335748
N0949,-28.8227967317193,-49.1112393036392,0.00138998733375461
N0950,-31.8346567524751,-69.8186226015868,2.9406179247493
N0951,-22.6284050397894,-55.4028819544662,0.528651453591297
N0952,-27.7440209451693,-63.3516366053214,0.167742198344817
N0953,-40.1996385693508,-69.6575001513807,1.05568006811426
N0954,-26.1999544678567,-67.3042105887147,3.63568006295181
N0955,-26.7698011577809,-73.4453696138334,0.0185950586126802
N0956,-23.64617789285,-57.0275915369497,0.19533143340843
N0957,-3.09788737401047,-65.1138337454179,0.0867966823727257
N0958,-26.0523301655516,-53.953866041332,0.477192716679624
N0959,-22.0466130793262,-81.0578535777416,0.00710873827391401
N0960,-22.2548059388824,-71.7682870279878,0.0168922476445509
N0961,-24.1570236484103,-84.2705582686896,0.00442185094633334
N0962,-36.36761939066,-70.0924409743169,2.49204918833549
N0963,-12.9515224142332,-55.5799456496121,0.418225088695084
N0964,-18.5306519715446,-63.9480916235546,2.44860449674841
N0965,-27.8448175622804,-47.5165144212717,1.96683740523968E-05
N0966,-36.2446452491221,-63.5632024623368,0.140967375380523
N0967,-27.1185751163031,-60.1864640268094,0.100861581097313
N0968,-36.3502900492256,-75.0291741818185,0.0105357054066485
N0969,-41.5004581378105,-63.548247183899,0.0128737060705008
N0970,-23.8615269039946,-67.9387918107797,3.65787253583146
N0971,-6.83859992485806,-56.5949768823825,0.26141936613231
N0972,-21.0417949776333,-75.569010155333,0.0147233541350405
N0973,-28.9874155639072,-60.9178569939721,0.0838798100278061
N0974,-15.1088633452981,-72.1181539623998,4.78155745987524
N0975,-41.0507625624958,-57.2834487929347,0.0102177754405238
N0976,-8.74869725644896,-68.1450679373127,0.197463471007671
N0977,-31.2070478635834,-65.9681480875025,0.355312203435024
N0978,-38.3511003747698,-63.4840146239151,0.0127849826823359
N0979,-39.2683882958116,-66.4667997324023,0.29073814301053
N0980,-22.9976485038415,-66.8134788626184,4.50800074332908
N0981,-8.45807835553851,-63.6756886211195,0.0959952167771241
N0982,-6.54506196798729,-72.1330176947665,0.22116168650867
N0983,-26.8613540966413,-72.797294843883,0.0185029382166325
N0984,-29.8528811243607,-68.4431755203779,1.11510749194903
N0985,-24.0686351335457,-74.9873933972458,0.0158567144741123
N0986,-16.3569343988663,-53.8668179806219,0.34518340292078
N0987,-38.1457739262177,-57.9588687686565,0.0693125676977516
N0988,-8.85977648156741,-79.0027031275025,0.013978882422955
N0989,-20.5666258437099,-78.0271924989429,0.0106342915491294
N0990,-9.92553237392912,-62.2411367116766,0.207999958246865
N0991,-13.2090950658555,-48.9301087319031,0.290784193823154
N0992,-25.3765745985061,-62.2942193563762,0.219863040204239
N0993,-40.3323670892411,-66.0021976560882,0.214680404336824
N0994,-31.8550571287458,-70.4407768429997,3.88780194455689
N0995,-22.4289513976304,-47.5934111561193,0.538310308651414
N0996,-36.8818058844183,-52.4831350600675,0.00346807305486216
N0997,-27.953254747203,-52.1070425946464,0.60765479676731
N0998,-21.2400759404457,-73.3799516890567,0.018798854933279
N0999,-29.626668680444,-56.3931490153941,0.08071679369136
N1000,-37.3782732288651,-62.1529454182075,0.242671716617242
N1001,-25.7575413695858,-74.2606406213658,0.0168466479722974
N1002,-24.7578625868983,-49.3322365726039,0.419833582124604
N1003,-24.6062334340604,-61.375500866128,0.179200706064214
N1004,-22.1408562708016,-74.5554996173724,0.0166175085091392
N1005,-21.9442328498366,-79.6854021561523,0.00850482318827427
N1006,-18.8095540221165,-66.5666942381665,4.56692884421162
N1007,-16.2909802572467,-65.7325245272283,0.248558005178812
N1008,-31.9404466562399,-48.8233394544605,-0.00141150027994341
N1009,-37.7814891514923,-52.2494815353617,0.00139151370634597
N1010,-25.1092054340944,-71.8302478863305,0.0150652401656718
N1011,-33.3194632176733,-70.7265518398046,0.51947817673351
N1012,-4.41659491295772,-63.2738648136548,0.0649479437243714
N1013,-4.36552842611679,-63.6177337439412,0.0710612183779061
N1014,-36.7334857286591,-56.2149111439578,0.013259765858434
N1015,-19.1820059393682,-55.4855334174444,0.140014289781766
N1016,-9.47797073321422,-57.3355382897806,0.241759502709962
N1017,-14.0289848139601,-67.9726980285154,0.427840340981114
N1018,-12.4977971966382,-50.2528099175664,0.193498649831777
N1019,-21.2629783294481,-79.6448604917723,0.00858577136810362
N1020,-33.860615702729,-61.8550110839925,0.119051026369171
N1021,-32.7308112497494,-67.321060878652,0.499174077458013
N1022,-18.8206772534864,-65.1313369315399,1.92311083716938
N1023,-13.6880142091078,-66.870067986209,0.206065608013071
N1024,-33.2605444627989,-64.9333994964039,0.755647888463443
N1025,-14.5282590456464,-75.6272117666611,0.281141595885475
N1026,-7.23615568146186,-74.0377896048218,0.255424435290008
N1027,-15.9261047236545,-71.5737599388565,4.19332063714666
N1028,-25.601358937831,-70.2091047267158,1.33257576796868
N1029,-37.6103876522938,-75.8485283040067,0.010850872269121
N1030,-9.48847610525681,-62.3599147274672,0.179720108182346
N1031,-15.4390496905809,-79.2624125876329,0.00901305250641012
N1032,-31.3733887158888,-53.6342373941697,0.338499593384512
N1033,-14.1571176758811,-67.0437363820659,0.199389536085051
N1034,-13.0442010948923,-50.7118013935013,0.20414114897078
N1035,-24.8081168584731,-73.3269445635256,0.0184961106374516
N1036,-18.4854835549051,-47.6256948929266,0.693740945169605
N1037,-24.4261727121366,-68.7971700716846,3.19524528224221
N1038,-15.7184534161511,-75.8592234150698,0.0119112497267271
N1039,-14.6228144352329,-77.2987992935113,0.0101986915930148
N1040,-10.5691782771808,-78.2426845527998,0.0140689552384879
N1041,-16.0971992611061,-49.1036957535317,0.784193864831025
N1042,-38.1045242441603,-52.9024040036056,0.00189008885121414
N1043,-29.6809275055424,-75.2539011957562,0.0147619916605291
N1044,-31.6993774291984,-48.7125342090878,-0.00179601579413443
N1045,-8.93461175511194,-52.4311528619468,0.28035767061247
N1046,-12.3833726533345,-68.0849261215026,0.235890117808971
N1047,-26.8764476560216,-54.3618142390166,0.500297615650792
N1048,-39.7513873489247,-59.4324467476284,0.0131977251740154
N1049,-24.0163117183274,-67.9099259680356,4.22430177029796
N1050,-22.2385124087643,-46.9654676666032,0.669861762412118
N1051,-15.9064606926709,-57.6843384309026,0.147978164075798
N1052,-23.0613264718853,-75.9529982110756,0.0141917737904331
N1053,-27.0801445175203,-67.4986760938895,4.02736981562705
N1054,-40.4788010951335,-69.8555291485298,0.855470308106527
N1055,-23.1160123302209,-51.3841059346355,0.513354720652392
N1056,-15.6510439563789,-63.5693221416687,0.232935894854269
N1057,-38.3764731663063,-73.02158135926,0.448745901189549
N1058,-33.22365324285,-61.9377536409159,0.127634704419191
N1059,-8.5017693039197,-52.7199478479688,0.25278802222978
N1060,-41.6902621408842,-68.9724502613872,1.46854114283356
N1061,-27.4862961674802,-60.9476673603087,0.105300778758183
N1062,-12.6705649237892,-59.8393091472187,0.463958014347411
N1063,-16.1316029427287,-76.1816149570286,0.0140100034130349
N1064,-24.2699556595459,-83.653424395761,0.00536612383079383
N1065,-4.30443063105521,-68.539731775116,0.137635466890082
N1066,-10.5939413413164,-78.2997549286411,0.013283206752662
N1067,-26.2855759573884,-66.3298847302605,5.24171963703039
N1068,-35.7666120176891,-73.5849379023655,0.0110360809060383
N1069,-18.925437069573,-46.4498684358347,0.882186487635404
N1070,-18.1061166231882,-75.3864201580813,0.016656520579396
N1071,-29.8047946674707,-48.6444947278079,0.00281202765952796
N1072,-38.2239060592031,-75.1219636301885,0.0091773585734511
N1073,-23.2204403336763,-44.9153338654508,1.24163617963856
N1074,-22.7524803641981,-72.7932515495341,0.0198844853756375
N1075,-23.522741080749,-63.6038373443917,0.299428621681843
N1076,-9.30385731811909,-72.6361792467469,0.27919357943788
N1077,-24.2666077081869,-47.96034318129,0.0195997430374909
N1078,-18.2147655542387,-71.2141071537663,0.0239903725495253
N1079,-20.7437076528443,-46.7825446083183,0.763156943889399
N1080,-21.6162671015625,-53.5984637039756,0.333669087089952
N1081,-11.2118064093951,-52.6598216213272,0.322094318313442
N1082,-38.9418448604804,-63.3922949170963,0.0766175467605387
N1083,-23.1745588774676,-51.4918185563293,0.594215973949048
N1084,-20.4418871618404,-45.0738510585953,0.831972660515684
N1085,-27.0286626461483,-83.8053750952058,0.00541988263918748
N1086,-32.0835454125687,-76.7012506808034,0.0122035584354342
N1087,-11.6649510844038,-50.8466062492524,0.180053003600371
N1088,-19.1013391618929,-81.7722211039261,0.00490325286924042
N1089,-25.7315309728355,-78.8538182095877,0.00959600022666066
N1090,-19.7811436432879,-59.9129384434728,0.178708089757632
N1091,-12.5155109819638,-51.8507104520296,0.318441600364933
N1092,-39.5897347453602,-66.0081320628126,0.226706525989602
N1093,-12.8723578542764,-72.4365376889462,2.11768331244428
N1094,-21.393983817252,-72.3811202008083,0.0202565178866323
N1095,-19.9654959524835,-77.4212756910585,0.011812049481291
N1096,-33.2874718746548,-78.7132571765944,0.00904538086268321
N1097,-6.53232718410856,-54.6724137681678,0.240742744358553
N1098,-26.368702449272,-70.6527249376985,0.322588564531167
N1099,-35.0097894401648,-54.8134333383021,0.0124405898507672
N1100,-23.164032670527,-72.447638339616,0.019809508314711
N1101,-13.3581935846215,-69.5522073018324,0.324940756715637
N1102,-27.3360237681178,-47.642244051359,-0.000233804074547841
N1103,-5.85059606132451,-70.5054361796642,0.151013909570733
N1104,-28.9357777185176,-68.1381845802389,1.47098242282387
N1105,-32.176281018665,-54.101598680437,0.148248193681264
N1106,-13.6933574568392,-57.5424349072813,0.54962412173367
N1107,-17.9369394199466,-58.4990152488212,0.166659387472462
N1108,-36.8883043326897,-69.2624236623367,1.32450858065185
N1109,-16.1842050807432,-53.8915749716076,0.386031210098968
N1110,-28.7587898290595,-66.9929174907012,2.21055779938727
N1111,-21.0719115669779,-58.3127646831704,0.104923863336526
N1112,-13.4356034623876,-49.1831437218189,0.366885783258379
N1113,-4.79940129485875,-72.7659495976818,0.179528311789424
N1114,-28.246276264543,-81.1065757029658,0.00648887830019522
N1115,-19.9049905224038,-63.2114448915038,0.860203435321719
N1116,-17.1697458302535,-59.5705533984964,0.234613970840983
N1117,-30.8688373662901,-52.2613610375537,0.0704349374717949
N1118,-22.6169896693734,-83.8462234835744,0.0045854273323932
N1119,-33.4064344377693,-60.2375812110769,0.0650287418730753
N1120,-38.050500985392,-57.5561217476727,0.0256629334566288
N1121,-38.4055855469248,-72.2448425955569,0.367456368775738
N1122,-12.8849066640666,-62.0059018413338,0.176944527658411
N1123,-29.8375166808148,-76.1619300205389,0.0132456923298141
N1124,-22.5189076753593,-78.8653315513985,0.00878012417313653
N1125,-35.5689085343032,-71.2910297126438,0.448382324561174
N1126,-32.5283554112911,-63.1862115822176,0.208952832815396
N1127,-31.467012679289,-70.696093414989,2.37976159374815
N1128,-7.57319399543768,-59.7862899828293,0.274855127416963
N1129,-26.9120507242335,-69.5772511581253,3.11067569248497
N1130,-15.9784545733435,-74.6652285061734,0.0200065155861497
N1131,-30.8303517409107,-61.1185230031287,0.0810540914851439
N1132,-36.0753649101805,-58.7135700553913,0.0445717926546004
N1133,-19.9712951701317,-55.7380302338958,0.142211712804555
N1134,-17.0422589261065,-78.4847170146454,0.0118017142425709
N1135,-18.6989629985512,-74.0323958183709,0.018681352042573
N1136,-13.8226078687744,-66.7739723284777,0.195283659786278
N1137,-28.3108721715911,-76.6755402437368,0.0125516887630921
N1138,-39.6609997229579,-69.5710039983591,0.52484864374692
N1139,-19.3909226921517,-84.1984152586333,0.00158165101783815
N1140,-26.2819001352638,-48.3739070034405,-0.000160775001345287
N1141,-9.27012195688748,-65.5635575038551,0.150258292959413
N1142,-30.3845726093616,-62.3631026595698,0.0898876310830804
N1143,-31.5066452452884,-80.7481562872302,0.00657666557744929
N1144,-4.42143013940866,-67.507631538759,0.125554007305855
N1145,-12.5657530978597,-78.5446708853527,0.00424455501462372
N1146,-25.9135370594821,-80.5690243686738,0.00841630540072319
N1147,-18.0036091082031,-68.6223080012263,4.12588171353556
N1148,-27.2423547074583,-56.6345261259705,0.0934991225981254
N1149,-21.3847498369242,-67.2651319081642,3.80882720667053
N1150,-22.1585457782318,-46.728513232096,0.883405397639036
N1151,-25.4800226209845,-71.074133962029,0.0175491909200425
N1152,-25.7082944003953,-78.6709814509146,0.00998629183071098
N1153,-25.6172533796734,-53.0190490597037,0.49519427136339
N1154,-25.7332685299829,-67.3634704073759,4.46354426315002
N1155,-6.93933480046264,-56.0082464467764,0.268330489797197
N1156,-25.3796717499725,-59.5200649130388,0.119201599135541
N1157,-4.88679242512583,-57.4217506638883,0.0660707937252392
N1158,-19.7663470044573,-52.4828584240765,0.392978316129907
N1159,-14.256158285835,-58.7925014540402,0.672162944071968
N1160,-37.0951745493952,-70.1744540682445,2.22771206426794
N1161,-33.7040186073234,-69.5746660323727,4.67131225114235
N1162,-27.430565917812,-61.1906092599318,0.110269819020551
N1163,-30.6826123446952,-63.9894985043807,0.500333993185572
N1164,-40.6186771166873,-69.8309091331366,1.34371282924971
N1165,-35.494039408033,-61.0976064393034,0.0970490791842261
N1166,-13.2654768702128,-53.7259174452681,0.37268379746668
N1167,-41.66792931766,-60.8168078772664,0.0126099842859237
N1168,-21.9245987637101,-73.0025709832914,0.0191600519694531
N1169,-35.971819861799,-60.9202435264099,0.0982969204662122
N1170,-27.9290712178874,-66.3055414753587,0.763923679588894
N1171,-20.8511850827953,-49.101945994912,0.507570839312457
N1172,-27.9965020874785,-71.1109394708088,0.281108938696388
N1173,-29.8035913332758,-49.0046548135286,0.00321321912900885
N1174,-4.87887685135599,-62.1772330188509,0.0576780912421169
N1175,-8.60058567135596,-64.058876762176,0.110026667012986
N1176,-17.9889293475108,-67.4485650214801,3.76016949114993
N1177,-23.4660553721153,-55.4762562918506,0.390826501772996
N1178,-40.2178951849992,-71.1536409231896,1.76008348426013
N1179,-10.4358088907585,-55.4678076334572,0.251214463381057
N1180,-11.1387954778854,-74.2628876089439,0.588269765314968
N1181,-35.3891685848692,-64.7141920987643,0.256094476344421
N1182,-27.1211059074812,-58.5234303778141,0.0787121293175205
N1183,-8.30281862109882,-69.308459941786,0.198697964283622
N1184,-34.1948942575492,-61.1478940468465,0.118120924785834
N1185,-34.6598588697374,-79.4046996277275,0.00745699297691997
N1186,-16.373855775882,-80.7299423040379,0.00517890668098849
N1187,-19.728701730166,-63.7794465276035,1.1088795340849
N1188,-9.70838582402666,-50.4783066129798,0.174344275361397
N1189,-34.6111635362838,-61.5075332466182,0.106669357107397
N1190,-13.2490035747221,-77.843998291046,0.00758721815137928
N1191,-12.4624009704736,-77.9693386029846,0.0084217823091409
N1192,-26.9548401935284,-63.265876846521,0.204736548399197
N1193,-32.2602868075852,-72.608325208212,0.0100354960247756
N1194,-29.7253118217251,-82.6132055614848,0.00507867379573639
N1195,-34.1976914251886,-74.8101498478294,0.0138674119865079
N1196,-28.7983709575232,-59.2774959314734,0.0518843341425664
N1197,-15.2480500006367,-47.2508300588162,0.61421319428935
N1198,-17.5793603157772,-59.6294949957264,0.281533954567228
N1199,-20.0495537025124,-69.9476681399351,1.15172987460481
N1200,-20.5644300276279,-70.1053821670892,0.625332329300822
N1201,-33.7317374727431,-48.9443502448203,-0.000878955504763659
N1202,-18.4050320858598,-70.6713187721738,0.027116618009113
N1203,-23.2086655572006,-54.2266540627934,0.292933509187544
N1204,-12.8219248173021,-48.6237682183044,0.487542785102452
N1205,-22.857252559647,-76.45408061724,0.0131583531756451
N1206,-17.0226834648211,-58.9659197560052,0.133672800595523
N1207,-26.920257247111,-77.7922022812999,0.0120040901226412
N1208,-31.0251451123474,-68.072682575259,0.693084408212579
N1209,-26.0851860475923,-77.6920025288198,0.011507523927584
N1210,-3.8857321581533,-70.9324431180286,0.103414687985227
N1211,-24.0320585720811,-68.2381235167528,3.00471495798815
N1212,-26.4480151847714,-46.6748450504558,-0.00390701717428881
N1213,-29.9750491523573,-53.422204168063,0.0728790264631245
N1214,-12.8472908741273,-81.1724379314108,0.00318101451102035
N1215,-16.6279582038483,-83.1818514690984,0.000661702620374263
N1216,-26.741496505618,-66.7912780708937,3.55847979072308
N1217,-16.5655730448647,-75.5931185563014,0.0137597473507209
N1218,-32.4512332143862,-48.6174899549724,-0.00142196339459815
N1219,-17.9276381441278,-48.4397795931412,0.700221522421385
N1220,-16.9092457668606,-59.1128803550824,0.141312777594068
N1221,-22.1791460773728,-81.7275635667127,0.00692872339558339
N1222,-16.1040156172368,-74.8129482464973,0.0160862268690831
N1223,-9.67736214699599,-61.0870585432063,0.205150075473183
N1224,-17.7217352150024,-46.310203053229,0.535302942978193
N1225,-40.3704602978321,-73.5206382725997,0.331024421214233
N1226,-34.1357992615893,-53.0214231387829,0.00942604085331725
N1227,-9.77841417014946,-51.4124761655145,0.510064976355155
N1228,-23.7292988740987,-47.3020520640191,0.891279989664299
N1229,-14.8006788582614,-76.4009929591936,0.0131212712425668
N1230,-10.9812682436034,-69.3030658471286,0.303188138439649
N1231,-11.4018463913364,-60.4800764810438,0.302976898966936
N1232,-32.0071180035872,-67.0979994675611,0.660683629155085
N1233,-36.3789364281038,-74.1094852590348,0.00978562831615621
N1234,-33.9687798075635,-77.9027075011617,0.00963580926151919
N1235,-10.4820586366256,-77.9688521958032,0.0175319746007171
N1236,-21.0890514050497,-46.6748332655099,1.09373859652494
N1237,-14.8697242972313,-77.4666254615041,0.0115475532094734
N1238,-24.417598824933,-55.2861773766612,0.226684767374706
N1239,-11.1344461738016,-63.2304057169133,0.366445217660841
N1240,-38.5024207935424,-55.9558705809643,0.0108121484363074
N1241,-27.1953282728633,-77.0182405743358,0.0132275453728064
N1242,-33.9430549708359,-50.3037704927306,0.00347023727049024
N1243,-25.4300571928957,-70.9697529767385,0.0194660130859016
N1244,-22.4469714066841,-48.0000378701925,0.815030464487393
N1245,-25.5356501135431,-68.6076715819359,4.60901672063184
N1246,-8.87563791184159,-77.27589667667,4.17950915570087
N1247,-19.1868548171886,-47.0302147739306,0.94717733439439
N1248,-32.5809014152543,-79.2215911236567,0.00785293971804021
N1249,-16.8468376032071,-78.0553772317966,0.0129085569193826
N1250,-17.7900546970768,-70.9265053892866,0.564068074090988
N1251,-24.7120106054643,-54.2354214283692,0.271297293941956
N1252,-12.8048699094376,-56.4194655547852,0.404727393214508
N1253,-38.8588545169367,-59.3383287888429,0.0124432074965166
N1254,-4.52810972135202,-62.3230399717646,0.0384591323394746
N1255,-41.4151574004334,-63.9734017849057,0.0132503090867282
N1256,-41.2520652684449,-60.2059996003307,0.0124709279815606
N1257,-20.5897165924165,-65.2867286606354,3.35595421899775
N1258,-29.757321302309,-77.3005951796045,0.0111195471959746
N1259,-15.914633894918,-71.0435610976959,4.57304412029334
N1260,-9.58550746535166,-63.8337138823141,0.151900779660142
N1261,-41.3519659971464,-65.1899621955462,0.142398674708409
N1262,-13.705891378813,-52.4810120156122,0.366249323177117
N1263,-20.2361756173438,-65.624851215802,3.06315711598444
N1264,-28.4073568904539,-53.372648055365,0.488529480214844
N1265,-27.0866524097556,-67.5087597802701,4.05614648931024
N1266,-39.9197689312789,-66.7631975834751,0.143205091962453
N1267,-4.03298017739849,-67.4017077907771,0.0961860824290205
N1268,-18.1038928254654,-59.3264900781767,0.282748615423822
N1269,-23.212257384707,-75.3525484930755,0.0151900828626709
N1270,-30.4281030077264,-78.410135814493,0.00959573957363966
N1271,-29.5979298543784,-81.9131152773061,0.00570748711186536
N1272,-33.5234883996353,-69.5966524783181,4.74007172707442
N1273,-35.7275267781128,-54.2539788267265,0.00983943902236374
N1274,-10.9127415600081,-79.4645005289339,-0.000839556788191105
N1275,-9.07291512126814,-54.8735237428016,0.564565838775614
N1276,-31.2798131597065,-74.979609444179,0.014735385596614
N1277,-14.3569383808335,-55.3781005341487,0.314670160359854
N1278,-17.589375967862,-83.9305111289539,0.000573749856390599
N1279,-24.0133709185496,-48.1335316895126,0.659193148860381
N1280,-20.8994003281772,-70.9101032917029,0.0171478057476605
N1281,-26.1845323250022,-64.9146841544625,2.09878632462465
N1282,-29.4271005320479,-46.5764155748428,-0.00492326507145077
N1283,-37.0199480043872,-55.7783197393447,0.0115463436076682
N1284,-7.52313047841088,-61.7992393851427,0.115212203195664
N1285,-35.5292747915036,-51.9153122984109,0.00544269459201118
N1286,-34.7501660163947,-62.2027715028063,0.117869103385199
N1287,-22.1263836886256,-75.1490434483244,0.015460709212638
N1288,-19.903915915519,-57.2898878040735,0.103837302685271
N1289,-14.9465546619008,-64.2251628952272,0.192753836770283
N1290,-32.0280948732923,-74.0546439831239,0.0155912720130052
N1291,-27.7022769220383,-66.8179524289024,1.30115597323286
N1292,-7.09773377887358,-68.0291115392143,0.177495218158708
N1293,-17.3633407391404,-59.5558842812057,0.288581850018057
N1294,-23.1287959010406,-71.9073202831045,0.0171311648271202
N1295,-23.3739684611667,-63.4609527873996,0.274614167985487
N1296,-9.35484215000038,-63.7732886885006,0.126437690221393
N1297,-15.5006524058867,-79.2322235032748,0.00908914254203676
N1298,-31.8417282648546,-51.9293329948899,0.00795801040344061
N1299,-6.24985413644622,-59.5443364321457,0.0643594514851703
N1300,-28.6280046207835,-47.605484685674,0.000361147352424661
N1301,-12.8770275073904,-79.9564740504981,0.00562387559077572
N1302,-23.7937529643853,-62.5056240443222,0.228759727386011
N1303,-5.79590058022663,-66.8539756684092,0.0971730330831932
N1304,-30.5753719578535,-74.0184333628502,0.0155921928188734
N1305,-19.4259846464043,-84.3611299547256,0.00146261804821794
N1306,-28.3778541624153,-79.8174955063398,0.0080046436225814
N1307,-40.5361031474978,-62.111536594586,0.0129211137803297
N1308,-39.2676577762813,-62.1985521931049,0.013723218070729
N1309,-3.86114907073596,-66.5763976106406,0.0948059407833697
N1310,-29.141960283042,-69.8029618856954,5.111676963082
N1311,-16.2245685437183,-73.4638385854259,0.972366434571042
N1312,-25.7336936387433,-64.9342002237125,0.805990597390962
N1313,-36.3831274703441,-51.3044242654623,0.00157937560380005
N1314,-39.5632499638781,-58.49350976547,0.0130441866210514
N1315,-19.916468322658,-71.3616592192307,0.013092718699932
N1316,-11.3293411809574,-57.1806927489583,0.285148608867264
N1317,-16.8816364464421,-58.6231147037887,0.114277735517513
N1318,-20.8929410260459,-46.8347155135728,0.886411461141079
N1319,-26.6136640695163,-50.7194971226665,0.926069086527406
N1320,-16.9299619038841,-56.436796732758,0.129147238464546
N1321,-39.8977148486266,-63.7352310828751,0.0649491641072945
N1322,-20.4997578149248,-47.5253540507708,0.835443186366751
N1323,-22.8345793789873,-81.4636579741684,0.00709722102082878
N1324,-18.1843300859708,-57.4253716523244,0.106453009734779
N1325,-18.9958499099555,-59.3846089612549,0.353935135570934
N1326,-22.6125794093409,-78.5406108313879,0.00912605676182333
N1327,-20.5770224012485,-46.1910911990888,0.97130684198512
N1328,-19.9508239663748,-65.6296087463654,3.33584635383596
N1329,-40.5446934673518,-66.3685686732879,0.229197844472102
N1330,-28.9202596304848,-54.096669610641,0.500091255624972
N1331,-15.4342263195614,-68.3041932419647,1.60224879321902
N1332,-15.2591500669803,-52.5320291577674,0.720817650203546
N1333,-33.2092634664692,-68.2801692270047,0.653803962580359
N1334,-27.4028252467044,-78.337309368977,0.0110599560870045
N1335,-38.6529063497626,-62.9054835942526,0.0179713573948929
N1336,-39.1252174804014,-74.8031000300573,0.00978647183561741
N1337,-5.53195141824679,-63.3820009340433,0.0293594140035199
N1338,-17.3327211415434,-82.5026534409904,0.00244651176631824
N1339,-20.9090114084967,-70.6192061658153,0.0226822437000446
N1340,-15.8886711683067,-48.0805224003496,1.20958399317403
N1341,-27.2714108208582,-72.21156921795,0.0149425737420984
N1342,-11.220284774143,-67.3742976241433,0.233565316563242
N1343,-25.2804802179019,-76.2330775791317,0.0137027749123581
N1344,-13.8378110100064,-68.0468354842637,0.280487776335694
N1345,-18.0952865062818,-69.927299576135,2.64487036176065
N1346,-9.77369998181025,-62.6564025831855,0.225122532253586
N1347,-5.84026366077591,-73.9272964579254,0.139406812419155
N1348,-13.2042538134398,-82.530472540785,-3.50054166916547E-05
N1349,-38.8401408579958,-76.0596874793755,0.0106438978697459
N1350,-10.4005287615445,-50.0342870701899,0.166458174072008
N1351,-32.1995971012839,-64.2690748145916,0.456102915795805
N1352,-32.6023598274011,-74.950788227078,0.0138530459877573
N1353,-15.5520949413086,-71.215581520671,4.62777759136237
N1354,-20.6677205363219,-66.9469096533118,3.70432781440399
N1355,-20.4265007098177,-52.6046770249283,0.361402724925431
N1356,-4.12750505492519,-62.3835008384368,0.0530441677382407
N1357,-17.4527656021684,-48.9192359471464,0.685922086486725
N1358,-30.1358176615141,-64.7154140640823,0.213563219194958
N1359,-37.2595317611769,-69.3360793016123,1.47722878346958
N1360,-37.1602584462825,-75.5965025132721,0.0108788469482323
N1361,-33.0241852871869,-69.7479324181575,4.08318568320419
N1362,-18.4727421841703,-79.5389299989287,0.00891072881567787
N1363,-18.4305300436043,-67.5580910089493,3.7998662458557
N1364,-16.602715957792,-80.2592144200209,0.00639567129324997
N1365,-20.2151469237167,-64.5595093730395,1.79259195319631
N1366,-40.627790673573,-64.1700594781633,0.111828153290617
N1367,-31.2289436497987,-81.4392426417835,0.00561267525674595
N1368,-28.5021059399327,-83.4792417721404,0.00417811955231223
N1369,-24.4172896688611,-72.4085986102282,0.0181621038497346
N1370,-39.2310200174923,-60.5726030445477,0.0133604838091187
N1371,-32.2390702559099,-51.3150687225739,0.00634666431762783
N1372,-10.9573055248626,-74.271429853294,1.06805496940795
N1373,-23.0435576128034,-64.4863231088103,0.782269662664902
N1374,-25.8599419201326,-75.8089231826931,0.0148623863496593
N1375,-40.1758019775206,-65.1466726161939,0.166381009373603
N1376,-31.3558189654062,-60.736791678602,0.0416614754372753
N1377,-29.7235525674357,-48.7887709006101,0.0031037253515979
N1378,-31.788122611017,-80.2523736616236,0.00690941531217937
N1379,-26.7577523025925,-83.4531762218745,0.00542079336406986
N1380,-28.6296161972731,-51.1063666407982,0.84366941908201
N1381,-20.3898444445607,-56.159216574895,0.252921606505498
N1382,-34.8875940961553,-51.1089170102575,0.00381029765522691
N1383,-31.2378389088436,-55.5590630781911,0.182371076851558
N1384,-15.0402295928713,-63.6052821081229,0.202609239248876
N1385,-31.8151041405791,-61.3905866178661,0.0778684909422338
N1386,-13.9896797742743,-72.9105443633359,3.1180623513948
N1387,-34.1935710335182,-51.1854567723772,0.00603791545797931
N1388,-3.57007418411493,-66.6002783510773,0.107735781664996
N1389,-23.3526767720929,-66.8619993889225,4.75411961172119
N1390,-31.9148117115852,-79.9880771716893,0.00714961975319671
N1391,-7.45690726155148,-66.8803001816855,0.157380085258042
N1392,-26.1038876725608,-65.0996362304687,1.01488177828302
N1393,-36.0278551604528,-53.3710410035758,0.00782859967088235
N1394,-38.3548254239251,-71.0460661135704,2.01094383602695
N1395,-27.426969205443,-46.8790928120419,-0.00330024390266063
N1396,-38.9633855485403,-57.9848845202284,0.0131294419836685
N1397,-29.3805144726001,-61.3748847554573,0.0892590587530188
N1398,-32.6703044971479,-63.6653647711379,0.272308318878878
N1399,-17.4821353168214,-51.7033031393179,0.900092894114588
N1400,-32.0212613172833,-75.0993760797333,0.0144027355303099
N1401,-25.7549781752647,-55.2920272035704,0.268067133248886
N1402,-29.355317819419,-53.1365614188411,0.288845791521659
N1403,-27.4614979842196,-58.6292951089498,0.0798655856252645
N1404,-35.9625844346196,-56.483947660933,0.0138936398807377
N1405,-17.028629435785,-76.3806072871778,0.0156595444172273
N1406,-19.5106051842188,-48.9857159416327,0.593476009599335
N1407,-6.81386525024873,-75.8659841298101,0.877501997837835
N1408,-19.5217096065104,-47.9556248034345,0.968036087598184
N1409,-27.1540394758069,-57.7365588557086,0.0807352380330696
N1410,-7.36527220071208,-63.2430972093606,0.0608072777702108
N1411,-36.3998285299195,-73.0879467865058,0.0190056950407367
N1412,-14.9227391776723,-67.2044092243635,0.321129889353368
N1413,-8.98908505644726,-73.6148680793414,0.217258807926785
N1414,-35.0784517964355,-53.1787006356188,0.008854472957543
N1415,-28.2949161093838,-62.0041133219341,0.10989721045862
N1416,-16.571775240617,-77.4946730574433,0.0145117730087715
N1417,-17.7671166729096,-57.2208672071847,0.106878512247907
N1418,-24.8102486818,-52.2803686143844,0.683362201416238
N1419,-27.1814126258825,-78.5072475224574,0.0107858997130616
N1420,-33.2272673704722,-59.5925801185089,0.0186485747728944
N1421,-28.9014064852016,-48.5754961222554,0.00274421283602985
N1422,-15.1008131220476,-62.6466579380521,0.271267391663813
N1423,-36.9633726121779,-71.7934583216547,0.614491682530456
N1424,-22.0125123092015,-50.5142570694908,0.425503914448843
N1425,-6.41898262011801,-60.9463667423771,0.0500682496483857
N1426,-16.3654473009722,-55.7651295898819,0.139310237371678
N1427,-37.8774772386921,-61.9367410053344,0.351511113201744
N1428,-32.2435865898211,-82.1376679146884,0.00466079858333387
N1429,-30.0856142093176,-65.1552812521914,0.201698155170954
N1430,-22.3810544624188,-48.3346532409215,0.746272757443795
N1431,-21.9633230766152,-49.0695779500731,0.443114678088928
N1432,-11.5142990183514,-66.1173012852269,0.176050652984598
N1433,-16.8721528015376,-74.8782265719834,0.0129923334754543
N1434,-22.3596575245538,-67.4640645703806,4.88564484198435
N1435,-36.1382737014607,-61.1931481840762,0.108073364949287
N1436,-39.1925537150234,-62.9099961884711,0.0453543024043337
N1437,-11.4538993473143,-48.3636070134878,0.22198520258
N1438,-27.9477799546596,-56.3425861284201,0.0826342256057631
N1439,-12.5802612648977,-56.2233179226173,0.396112769394808
N1440,-12.7652771018336,-59.4424481587758,0.358855507914309
N1441,-35.0761939755122,-63.976362602247,0.164626862616097
N1442,-7.27960691298581,-58.245382042052,0.164192910918133
N1443,-26.1162586582227,-58.7493846092436,0.0907921216425724
N1444,-23.554565012356,-73.9981097946598,0.0179930503073483
N1445,-23.128998351917,-73.2871888912512,0.0193069644576152
N1446,-15.1975788093412,-64.2256898867483,0.193334859896298
N1447,-20.5581685798931,-63.2901043170974,0.857737892731224
N1448,-40.3541203964036,-66.9758464754029,0.381585392827561
N1449,-22.285483379099,-64.3755071910905,0.937978365095685
N1450,-16.5378686115751,-80.6411091433689,0.00544076434415122
N1451,-22.2751816155268,-79.7374021510828,0.00836280115978596
N1452,-20.4302949909836,-47.6713110935292,0.737658060652295
N1453,-17.586124704777,-75.3255455753248,0.0164273047441351
N1454,-30.3799618144964,-62.459000278993,0.0900364517509679
N1455,-28.3848630252009,-72.0946390656602,0.0129375415059055
N1456,-13.0292607494862,-63.1160785486475,0.161164358780242
N1457,-29.6237631840712,-70.0994863265531,3.6217668297046
N1458,-10.2821680242798,-51.023203321492,0.220960469193244
N1459,-21.9444155593486,-50.0020479756898,0.447562494793021
N1460,-4.03727807684364,-65.1041336894765,0.0851138293294251
N1461,-25.945555284164,-49.4691394905251,0.855641434271634
N1462,-21.9803811003287,-80.1071787582252,0.00815073532045625
N1463,-26.8363826732353,-75.3591855273799,0.0154818325280438
N1464,-12.5107467646427,-74.0925680317676,1.83159166533527
N1465,-23.6765163193146,-76.6614898873877,0.0131139307218134
N1466,-23.6811270805961,-53.2560750626787,0.378457979776821
N1467,-35.1901839842886,-65.212103139798,0.319488411906554
N1468,-31.7096690592004,-76.0986305628446,0.0131136246063813
N1469,-39.2541817167138,-60.7345540565959,0.0134963921454528
N1470,-28.2750167771658,-48.7616539088453,0.102654177387721
N1471,-22.0931005374425,-73.0012700924176,0.0191678743465159
N1472,-36.5396644578416,-68.1357215033548,0.8734972277264
N1473,-11.4554796535515,-55.9675047146555,0.349005485533802
N1474,-38.0985875409415,-55.5742825280668,0.0104824722212353
N1475,-27.4227352288741,-73.6176770206606,0.0176504235942562
N1476,-21.6575115816677,-84.4953709093464,0.00318721910998535
N1477,-24.9224297700591,-75.7683357493246,0.0145466673621768
N1478,-23.6193407056582,-56.2526144149176,0.261812901434324
N1479,-14.3074388506871,-65.2095412444565,0.177128249362564
N1480,-33.9877614773105,-80.0994495797474,0.00751775574258389
N1481,-25.2214381975126,-53.2386704131728,0.683372716858462
N1482,-28.8592724708687,-64.1116733248373,0.137667632966129
N1483,-11.7566273769677,-67.0040636029257,0.213471495996604
N1484,-28.441503656867,-79.5759387247545,0.0083499531174369
N1485,-21.2824914280284,-59.5015496068605,0.140638806379233
N1486,-11.9645091518046,-58.0839356164517,0.292653162571754
N1487,-36.1205645816307,-69.5012383831888,2.51237475121861
N1488,-10.8094200280736,-78.8010915254592,0.00589147384099253
N1489,-5.74800323268154,-59.848131162121,0.0831674823682093
N1490,-20.3392514503015,-55.0775299775415,0.235347145453422
N1491,-4.86139868989048,-58.9626116073174,0.0720111806366402
N1492,-29.0661109854552,-79.3259619836996,0.00878807901081573
N1493,-37.8009154310969,-73.4882300512619,0.0685855804528997
N1494,-30.4386485995622,-82.7139901295633,0.00456385169862708
N1495,-23.0014664116576,-53.6000722401378,0.243541157364266
N1496,-22.8212829919686,-78.5741045459667,0.00909274805507159
N1497,-9.58100880505457,-57.565846396232,0.3041410522679
N1498,-8.28997119643727,-78.1336931801831,2.57022395349094
N1499,-6.71261447960368,-61.3300766488232,0.0830020255423124
